Metrics/EpRet,Metrics/EpCost,Metrics/EpLen,Train/Epoch,Train/Entropy,Train/KL,Train/StopIter,Train/PolicyRatio,Train/PolicyRatio/Min,Train/PolicyRatio/Max,Train/PolicyRatio/Std,Train/LR,Train/PolicyStd,TotalEnvSteps,Loss/Loss_pi,Loss/Loss_pi/Delta,Value/Adv,Loss/Loss_reward_critic,Loss/Loss_reward_critic/Delta,Value/reward,Loss/Loss_cost_critic,Loss/Loss_cost_critic/Delta,Value/cost,Time/Total,Time/Rollout,Time/Update,Time/Epoch,Time/FPS,Metrics/LagrangeMultiplier,Metrics/LagrangeMultiplier/Min,Metrics/LagrangeMultiplier/Max,Metrics/LagrangeMultiplier/Std
333.0052795410156,422.4560241699219,1001.0,0.0,1.4266072511672974,0.0019998974166810513,40.0,0.9999731183052063,0.9999731183052063,0.9999731183052063,0.009155131876468658,0.0002969999914057553,1.0077033042907715,20000.0,-0.001069405465386808,-0.001069405465386808,0.1651158183813095,4.322689533233643,4.322689533233643,0.05639781430363655,5.916524410247803,5.916524410247803,-0.17469573020935059,120.4892807006836,42.59307098388672,77.89559936523438,120.4887466430664,165.99061584472656,0.03599999472498894,0.03599999472498894,0.03599999472498894,0.0
343.1082458496094,414.7469787597656,1001.0,1.0,1.406215786933899,0.002854473190382123,40.0,1.00087308883667,1.00087308883667,1.00087308883667,0.008196569979190826,0.00029399999766610563,0.9873714447021484,40000.0,-0.0006637967890128493,0.0004056086763739586,-0.11961111426353455,4.8430376052856445,0.520348072052002,5.782411098480225,4.799666881561279,-1.1168575286865234,6.664769649505615,247.6197509765625,44.27682113647461,82.80436706542969,127.08124542236328,157.37962341308594,0.07098045200109482,0.07098045200109482,0.07098045200109482,0.0
344.6428527832031,413.9085693359375,1001.0,2.0,1.403824806213379,0.002391287125647068,40.0,1.0012099742889404,1.0012099742889404,1.0012099742889404,0.007789685390889645,0.000291000003926456,0.9850041270256042,60000.0,-0.0010192791232839227,-0.00035548233427107334,-0.009378012269735336,5.757163047790527,0.9141254425048828,10.911499977111816,5.716813564300537,0.9171466827392578,12.501572608947754,371.0439453125,42.56820297241211,80.82678985595703,123.3950424194336,162.08106994628906,0.10595265030860901,0.10595265030860901,0.10595265030860901,0.0
335.534912109375,432.3078918457031,1001.0,3.0,1.384529948234558,0.004434060771018267,40.0,1.001185417175293,1.001185417175293,1.001185417175293,0.010078046470880508,0.0002880000101868063,0.9661843180656433,80000.0,-0.002545475261285901,-0.0015261961380019784,-0.037220440804958344,4.651886463165283,-1.1052765846252441,14.262228012084961,4.497844219207764,-1.2189693450927734,18.245981216430664,494.4994201660156,44.52660369873047,78.89842224121094,123.42507934570312,162.0416259765625,0.1409827470779419,0.1409827470779419,0.1409827470779419,0.0
340.51727294921875,425.25823974609375,1001.0,4.0,1.3839638233184814,0.003132822923362255,40.0,1.0000603199005127,1.0000603199005127,1.0000603199005127,0.009304766543209553,0.0002849999873433262,0.9656350612640381,100000.0,-0.002772000851109624,-0.00022652558982372284,0.5658775568008423,7.0439133644104,2.392026901245117,17.65367317199707,6.975867748260498,2.4780235290527344,22.827800750732422,628.2807006835938,42.06517791748047,91.68852233886719,133.75376892089844,149.52850341796875,0.17602182924747467,0.17602182924747467,0.17602182924747467,0.0
344.9564208984375,423.1803894042969,1001.0,5.0,1.3552813529968262,0.004031148739159107,40.0,1.0007061958312988,1.0007061958312988,1.0007061958312988,0.009541968815028667,0.00028199999360367656,0.9383388161659241,120000.0,-0.002948777051642537,-0.0001767762005329132,0.0992635041475296,6.603017807006836,-0.44089555740356445,19.835798263549805,7.408775329589844,0.4329075813293457,26.747703552246094,759.1802978515625,44.264034271240234,86.5741958618164,130.83828735351562,152.86045837402344,0.21105816960334778,0.21105816960334778,0.21105816960334778,0.0
338.5295715332031,424.1921081542969,1001.0,6.0,1.3413307666778564,0.0035587395541369915,40.0,1.0009994506835938,1.0009994506835938,1.0009994506835938,0.009263603948056698,0.0002789999998640269,0.9253311157226562,140000.0,-0.003476063720881939,-0.0005272866692394018,-0.15063299238681793,6.385046482086182,-0.2179713249206543,22.974641799926758,6.672432899475098,-0.7363424301147461,29.303464889526367,888.7354736328125,45.144065856933594,84.3760757446289,129.52020263671875,154.4160614013672,0.246096670627594,0.246096670627594,0.246096670627594,0.0
327.9534912109375,438.77081298828125,1001.0,7.0,1.3267310857772827,0.003650108352303505,40.0,1.0002985000610352,1.0002985000610352,1.0002985000610352,0.009795221500098705,0.00027600000612437725,0.9119192957878113,160000.0,-0.0040350863710045815,-0.0005590226501226425,-0.21798738837242126,6.842621803283691,0.45757532119750977,23.258758544921875,6.540001392364502,-0.1324315071105957,33.82143020629883,1006.906494140625,40.85454559326172,77.26900482177734,118.12361907958984,169.31414794921875,0.281197190284729,0.281197190284729,0.281197190284729,0.0
318.9022216796875,448.60906982421875,1001.0,8.0,1.3246746063232422,0.0032508200965821743,40.0,1.001089334487915,1.001089334487915,1.001089334487915,0.009504592046141624,0.0002730000123847276,0.9100465178489685,180000.0,-0.004383900202810764,-0.00034881383180618286,0.1716996729373932,7.009702682495117,0.16708087921142578,24.228179931640625,6.955636024475098,0.4156346321105957,37.101402282714844,1136.5404052734375,44.302494049072266,85.27240753173828,129.57498168945312,154.3507843017578,0.31638315320014954,0.31638315320014954,0.31638315320014954,0.0
326.95526123046875,443.6378479003906,1001.0,9.0,1.3169279098510742,0.003374638268724084,40.0,0.9994859099388123,0.9994859099388123,0.9994859099388123,0.009330322034657001,0.0002699999895412475,0.9030286073684692,200000.0,-0.004098830744624138,0.00028506945818662643,-0.14593352377414703,7.563719272613525,0.5540165901184082,26.92466163635254,7.575901508331299,0.6202654838562012,37.2790641784668,1259.4300537109375,41.36237335205078,81.47129821777344,122.83373260498047,162.8217315673828,0.3516128957271576,0.3516128957271576,0.3516128957271576,0.0
330.823486328125,443.9482727050781,1001.0,10.0,1.2888494729995728,0.006141199730336666,40.0,1.0006383657455444,1.0006383657455444,1.0006383657455444,0.011041268706321716,0.00026699999580159783,0.8780270218849182,220000.0,-0.005224342457950115,-0.0011255117133259773,-0.026690198108553886,7.619605541229248,0.055886268615722656,27.110071182250977,7.493692398071289,-0.08220911026000977,40.042964935302734,1386.5928955078125,46.15921401977539,80.96112060546875,127.1203842163086,157.3311767578125,0.386877179145813,0.386877179145813,0.386877179145813,0.0
321.3734436035156,456.0281982421875,1001.0,11.0,1.2815214395523071,0.004139356315135956,40.0,0.9992132186889648,0.9992132186889648,0.9992132186889648,0.01006419025361538,0.0002640000020619482,0.8716093897819519,240000.0,-0.004602694418281317,0.0006216480396687984,-0.0784967765212059,7.15145206451416,-0.4681534767150879,25.63621711730957,7.399918079376221,-0.09377431869506836,44.33549118041992,1519.827392578125,44.46735382080078,88.7181396484375,133.185546875,150.16644287109375,0.4222208857536316,0.4222208857536316,0.4222208857536316,0.0
328.37847900390625,438.5599365234375,1001.0,12.0,1.277048945426941,0.0035962399560958147,40.0,0.999701201915741,0.999701201915741,0.999701201915741,0.010565828531980515,0.0002610000083222985,0.8677187561988831,260000.0,-0.005644056014716625,-0.0010413615964353085,0.1038724035024643,7.205927848815918,0.05447578430175781,30.418949127197266,8.084341049194336,0.6844229698181152,39.693172454833984,1675.7974853515625,44.52458190917969,111.40184020996094,155.92665100097656,128.26544189453125,0.4575473368167877,0.4575473368167877,0.4575473368167877,0.0
334.1448059082031,429.6808166503906,1001.0,13.0,1.27175772190094,0.00402944115921855,40.0,1.0003191232681274,1.0003191232681274,1.0003191232681274,0.010192177258431911,0.0002579999854788184,0.863141655921936,280000.0,-0.0048552765510976315,0.0007887794636189938,-0.11596933752298355,5.761956691741943,-1.4439711570739746,29.15953826904297,6.557624816894531,-1.5267162322998047,42.88669967651367,1802.043701171875,45.269710540771484,80.91725158691406,126.18700408935547,158.4949188232422,0.49281519651412964,0.49281519651412964,0.49281519651412964,0.0
349.2153015136719,413.6976623535156,1001.0,14.0,1.2711071968078613,0.003930417820811272,40.0,0.9993505477905273,0.9993505477905273,0.9993505477905273,0.010524461977183819,0.00025499999173916876,0.8625783920288086,300000.0,-0.005986889358609915,-0.0011316128075122833,0.12716227769851685,8.795755386352539,3.0337986946105957,29.985143661499023,10.424776077270508,3.8671512603759766,42.900936126708984,1928.5555419921875,37.10594940185547,89.38070678710938,126.4867172241211,158.11936950683594,0.5279512405395508,0.5279512405395508,0.5279512405395508,0.0
364.7471008300781,394.835205078125,1001.0,15.0,1.2662190198898315,0.005722245667129755,40.0,1.0001145601272583,1.0001145601272583,1.0001145601272583,0.012081991881132126,0.0002519999979995191,0.8583725690841675,320000.0,-0.006394991185516119,-0.0004081018269062042,0.3122921884059906,9.199936866760254,0.40418148040771484,32.408119201660156,11.89627456665039,1.4714984893798828,41.26692581176758,2052.177490234375,42.97374725341797,80.6017837524414,123.57557678222656,161.8442840576172,0.5628730654716492,0.5628730654716492,0.5628730654716492,0.0
379.43890380859375,376.738525390625,1001.0,16.0,1.2674775123596191,0.0043949102982878685,40.0,1.000555396080017,1.000555396080017,1.000555396080017,0.010588484816253185,0.00024900000425986946,0.8594578504562378,340000.0,-0.006416322197765112,-2.133101224899292e-05,0.10356946289539337,5.381417274475098,-3.8185195922851562,34.896995544433594,6.268127918243408,-5.628146648406982,38.91850662231445,2179.513671875,43.32511901855469,83.98316192626953,127.30834197998047,157.09889221191406,0.5975087881088257,0.5975087881088257,0.5975087881088257,0.0
373.87738037109375,382.5967102050781,1001.0,17.0,1.2766852378845215,0.004660678096115589,40.0,0.999565064907074,0.999565064907074,0.999565064907074,0.011178834363818169,0.0002460000105202198,0.8674048185348511,360000.0,-0.005902955308556557,0.0005133668892085552,-0.05268392711877823,6.4628987312316895,1.0814814567565918,33.68605422973633,7.674173355102539,1.4060454368591309,41.513179779052734,2306.0966796875,43.646202087402344,82.8946304321289,126.54088592529297,158.0516815185547,0.6319378018379211,0.6319378018379211,0.6319378018379211,0.0
366.80194091796875,393.3423767089844,1001.0,18.0,1.2832545042037964,0.003750415053218603,40.0,0.9997783303260803,0.9997783303260803,0.9997783303260803,0.009639076888561249,0.00024300000222865492,0.8731202483177185,380000.0,-0.00402083108201623,0.001882124226540327,0.05208372697234154,5.599617004394531,-0.8632817268371582,33.31166076660156,5.791653156280518,-1.8825201988220215,43.103111267089844,2463.318603515625,43.92006301879883,113.26404571533203,157.1841583251953,127.23928833007812,0.6662566661834717,0.6662566661834717,0.6662566661834717,0.0
343.1322937011719,429.77850341796875,1001.0,19.0,1.2713556289672852,0.004618530161678791,40.0,1.0003913640975952,1.0003913640975952,1.0003913640975952,0.010796552523970604,0.00023999999393709004,0.8627938032150269,400000.0,-0.006326915696263313,-0.0023060846142470837,-0.3406095504760742,5.625372409820557,0.02575540542602539,31.67808723449707,5.425610065460205,-0.3660430908203125,45.95028305053711,2595.08837890625,45.18731689453125,86.5567855834961,131.74415588378906,151.8094024658203,0.7006941437721252,0.7006941437721252,0.7006941437721252,0.0
344.181640625,425.05706787109375,1001.0,20.0,1.2665778398513794,0.004828505218029022,40.0,0.9999734163284302,0.9999734163284302,0.9999734163284302,0.011128687299787998,0.00023700000019744039,0.8586805462837219,420000.0,-0.0074604167602956295,-0.0011335010640323162,-0.401824027299881,6.612992763519287,0.9876203536987305,33.430233001708984,7.174393653869629,1.7487835884094238,44.24713134765625,2717.32177734375,41.35606384277344,80.8369369506836,122.19305419921875,163.6754150390625,0.7352074384689331,0.7352074384689331,0.7352074384689331,0.0
345.4754943847656,420.1459045410156,1001.0,21.0,1.2541942596435547,0.004796274472028017,40.0,1.0000019073486328,1.0000019073486328,1.0000019073486328,0.011176588013768196,0.00023400000645779073,0.8481151461601257,440000.0,-0.00718185119330883,0.00027856556698679924,0.031063295900821686,6.985367774963379,0.3723750114440918,33.70281982421875,6.865269184112549,-0.3091244697570801,43.197547912597656,2840.897216796875,41.832149505615234,81.7178955078125,123.55008697509766,161.87767028808594,0.7697585225105286,0.7697585225105286,0.7697585225105286,0.0
358.1465148925781,404.89385986328125,1001.0,22.0,1.2555056810379028,0.005069711711257696,40.0,0.9999780058860779,0.9999780058860779,0.9999780058860779,0.01127366442233324,0.00023099999816622585,0.8492248058319092,460000.0,-0.007423270493745804,-0.00024141930043697357,-0.009903684258460999,6.8048529624938965,-0.18051481246948242,34.14809036254883,7.56318473815918,0.6979155540466309,43.72053146362305,2967.77587890625,45.26166534423828,81.59004211425781,126.85176086425781,157.6643524169922,0.8042527437210083,0.8042527437210083,0.8042527437210083,0.0
371.222900390625,392.157470703125,1001.0,23.0,1.2507309913635254,0.004165766295045614,40.0,0.9998437762260437,0.9998437762260437,0.9998437762260437,0.010841110721230507,0.0002280000044265762,0.8451810479164124,480000.0,-0.006762902718037367,0.000660367775708437,0.2108142375946045,6.470937252044678,-0.33391571044921875,35.18406677246094,7.084629058837891,-0.47855567932128906,42.5197639465332,3096.9404296875,41.858394622802734,87.273681640625,129.13211059570312,154.88014221191406,0.8386207222938538,0.8386207222938538,0.8386207222938538,0.0
361.4832763671875,402.1979675292969,1001.0,24.0,1.2410234212875366,0.004891032353043556,40.0,1.000322699546814,1.000322699546814,1.000322699546814,0.010886464267969131,0.00022499999613501132,0.837016224861145,500000.0,-0.0069614434614777565,-0.00019854074344038963,0.11604967713356018,7.521340847015381,1.0504035949707031,33.35127639770508,7.556735038757324,0.4721059799194336,45.190189361572266,3238.996826171875,44.00566101074219,98.0237808227539,142.0297088623047,140.81561279296875,0.8729432225227356,0.8729432225227356,0.8729432225227356,0.0
352.8858642578125,412.189453125,1001.0,25.0,1.2394922971725464,0.004584178328514099,40.0,1.0005759000778198,1.0005759000778198,1.0005759000778198,0.010979924350976944,0.00022200000239536166,0.8357345461845398,520000.0,-0.006980502512305975,-1.905905082821846e-05,-0.18442490696907043,5.9642558097839355,-1.5570850372314453,33.806766510009766,6.172616958618164,-1.3841180801391602,45.45173263549805,3371.205810546875,45.90907669067383,86.21856689453125,132.127685546875,151.3687286376953,0.9072898030281067,0.9072898030281067,0.9072898030281067,0.0
352.6721496582031,405.025390625,1001.0,26.0,1.2281757593154907,0.003287683008238673,40.0,1.0006513595581055,1.0006513595581055,1.0006513595581055,0.009371347725391388,0.00021899999410379678,0.8263330459594727,540000.0,-0.004657314624637365,0.0023231878876686096,-0.30872422456741333,5.847388744354248,-0.1168670654296875,33.69682693481445,5.890682220458984,-0.2819347381591797,44.490821838378906,3486.372802734375,36.78245544433594,78.35682678222656,115.13934326171875,173.70257568359375,0.9416140913963318,0.9416140913963318,0.9416140913963318,0.0
352.3260498046875,411.35296630859375,1001.0,27.0,1.216099739074707,0.004860997200012207,40.0,1.0013178586959839,1.0013178586959839,1.0013178586959839,0.010585982352495193,0.00021600000036414713,0.8164183497428894,560000.0,-0.006473874673247337,-0.001816560048609972,0.3402916193008423,6.604712963104248,0.75732421875,32.9780158996582,6.641144752502441,0.750462532043457,45.80544662475586,3622.649169921875,47.35340118408203,88.87274932861328,136.22622680664062,146.8146209716797,0.9759604334831238,0.9759604334831238,0.9759604334831238,0.0
367.8633728027344,401.1300354003906,1001.0,28.0,1.1913470029830933,0.004605617839843035,40.0,1.0010627508163452,1.0010627508163452,1.0010627508163452,0.010660482570528984,0.00021300000662449747,0.7964589595794678,580000.0,-0.0073341261595487595,-0.0008602514863014221,-0.11436133086681366,6.529329776763916,-0.07538318634033203,35.79901123046875,6.128053665161133,-0.5130910873413086,42.9940071105957,3748.07763671875,49.161319732666016,76.23432159423828,125.39569854736328,159.49510192871094,1.0102622509002686,1.0102622509002686,1.0102622509002686,0.0
375.9814147949219,393.0286865234375,1001.0,29.0,1.1602433919906616,0.006016790401190519,40.0,1.001181721687317,1.001181721687317,1.001181721687317,0.012697232887148857,0.0002099999983329326,0.772068440914154,600000.0,-0.00851492304354906,-0.0011807968840003014,-0.15209385752677917,7.700526237487793,1.171196460723877,34.086585998535156,7.931815147399902,1.8037614822387695,44.56598663330078,3863.782958984375,42.93807601928711,72.73243713378906,115.67056274414062,172.90484619140625,1.0444737672805786,1.0444737672805786,1.0444737672805786,0.0
361.1335144042969,406.76153564453125,1001.0,30.0,1.1464208364486694,0.005785631947219372,40.0,0.999549388885498,0.999549388885498,0.999549388885498,0.011694447137415409,0.00020700000459328294,0.7614639401435852,620000.0,-0.01035615336149931,-0.0018412303179502487,-0.002127513289451599,7.294055938720703,-0.40647029876708984,32.81210708618164,7.426711559295654,-0.505103588104248,46.07947540283203,3977.14892578125,39.27986145019531,74.05966186523438,113.33956909179688,176.46087646484375,1.078697919845581,1.078697919845581,1.078697919845581,0.0
363.55609130859375,396.6839904785156,1001.0,31.0,1.1199374198913574,0.005801558028906584,40.0,1.000296711921692,1.000296711921692,1.000296711921692,0.011705467477440834,0.00020399999630171806,0.7415679693222046,640000.0,-0.00846765749156475,0.0018884958699345589,-0.11690232902765274,6.42280912399292,-0.8712468147277832,35.266014099121094,6.584222793579102,-0.8424887657165527,43.70565414428711,4098.30224609375,41.48264694213867,79.64466094970703,121.12736511230469,165.11546325683594,1.1128681898117065,1.1128681898117065,1.1128681898117065,0.0
361.69451904296875,399.4764099121094,1001.0,32.0,1.1140841245651245,0.0057472954504191875,40.0,0.9999294281005859,0.9999294281005859,0.9999294281005859,0.01153101958334446,0.0002010000025620684,0.7372327446937561,660000.0,-0.008241650648415089,0.00022600684314966202,-0.19480839371681213,6.939802646636963,0.516993522644043,34.500831604003906,6.931252956390381,0.3470301628112793,44.45124816894531,4230.25830078125,39.46000671386719,92.46674346923828,131.9268035888672,151.59922790527344,1.1470115184783936,1.1470115184783936,1.1470115184783936,0.0
361.932373046875,393.4200439453125,1001.0,33.0,1.1083073616027832,0.004648068454116583,40.0,0.999910295009613,0.999910295009613,0.999910295009613,0.01112802978605032,0.00019799999427050352,0.7329856753349304,680000.0,-0.007119905669242144,0.001121744979172945,0.22119556367397308,6.250946521759033,-0.6888561248779297,33.450801849365234,5.849820137023926,-1.081432819366455,45.7183952331543,4361.71337890625,42.107276916503906,89.3231201171875,131.43067932128906,152.17147827148438,1.1810921430587769,1.1810921430587769,1.1810921430587769,0.0
344.68121337890625,415.7159118652344,1001.0,34.0,1.0887084007263184,0.004551969934254885,40.0,1.0005502700805664,1.0005502700805664,1.0005502700805664,0.011143028736114502,0.00019500000053085387,0.7187634110450745,700000.0,-0.007752494886517525,-0.0006325892172753811,0.11580375581979752,5.085759162902832,-1.1651873588562012,33.79619216918945,5.335306167602539,-0.5145139694213867,45.81157684326172,4497.88623046875,44.698097229003906,91.41889953613281,136.11709594726562,146.9323272705078,1.2152693271636963,1.2152693271636963,1.2152693271636963,0.0
353.2035827636719,404.98663330078125,1001.0,35.0,1.077496886253357,0.0056200758554041386,40.0,1.000856876373291,1.000856876373291,1.000856876373291,0.011930221691727638,0.00019200000679120421,0.7107508182525635,720000.0,-0.00998067855834961,-0.0022281836718320847,-0.16225433349609375,5.929008483886719,0.8432493209838867,34.44771194458008,6.762274265289307,1.4269680976867676,43.71388626098633,4628.33984375,40.59843826293945,89.82154846191406,130.4200439453125,153.3506622314453,1.2494608163833618,1.2494608163833618,1.2494608163833618,0.0
347.42578125,418.177734375,1001.0,36.0,1.064365267753601,0.004663788713514805,40.0,1.0010113716125488,1.0010113716125488,1.0010113716125488,0.011316226795315742,0.00018899999849963933,0.7014760971069336,740000.0,-0.009303493425250053,0.000677185133099556,0.35568946599960327,6.608380317687988,0.6793718338012695,32.80339813232422,6.868267059326172,0.10599279403686523,46.85721969604492,4755.70263671875,45.20986557006836,82.1217269897461,127.33163452148438,157.07015991210938,1.2837556600570679,1.2837556600570679,1.2837556600570679,0.0
345.2564697265625,422.9007873535156,1001.0,37.0,1.0484212636947632,0.00541178323328495,40.0,0.9994137287139893,0.9994137287139893,0.9994137287139893,0.011615589261054993,0.00018600000475998968,0.6903824806213379,760000.0,-0.010047047398984432,-0.0007435539737343788,0.2323022186756134,6.765843391418457,0.15746307373046875,33.970741271972656,7.420138835906982,0.5518717765808105,44.11024856567383,4871.17626953125,39.966915130615234,75.47980499267578,115.4467544555664,173.2400360107422,1.3181744813919067,1.3181744813919067,1.3181744813919067,0.0
351.2721862792969,408.8009033203125,1001.0,38.0,1.0310012102127075,0.005237194709479809,40.0,1.0008018016815186,1.0008018016815186,1.0008018016815186,0.011690693907439709,0.0001829999964684248,0.6784632802009583,780000.0,-0.01083341334015131,-0.0007863659411668777,-0.06096816062927246,6.997272968292236,0.2314295768737793,34.055084228515625,7.434218883514404,0.014080047607421875,44.495033264160156,4995.00439453125,36.946571350097656,86.858154296875,123.80477905273438,161.54466247558594,1.3526073694229126,1.3526073694229126,1.3526073694229126,0.0
347.9232177734375,410.07421875,1001.0,39.0,1.028236985206604,0.005157684441655874,40.0,0.9992632865905762,0.9992632865905762,0.9992632865905762,0.01129184104502201,0.00018000000272877514,0.6765834093093872,800000.0,-0.00889431219547987,0.0019391011446714401,-0.03845847398042679,6.539742469787598,-0.45753049850463867,32.610591888427734,5.876280307769775,-1.557938575744629,47.24200439453125,5118.53369140625,41.71455764770508,81.78826141357422,123.50286102294922,161.93955993652344,1.3870625495910645,1.3870625495910645,1.3870625495910645,0.0
335.0083312988281,424.5823059082031,1001.0,40.0,1.0255329608917236,0.004960346035659313,40.0,0.9999024868011475,0.9999024868011475,0.9999024868011475,0.01069999486207962,0.00017699999443721026,0.6747575998306274,820000.0,-0.007290811277925968,0.0016035009175539017,0.008616216480731964,5.614617824554443,-0.9251246452331543,34.10487365722656,5.67899227142334,-0.19728803634643555,44.97983932495117,5242.57763671875,41.06281661987305,82.95433044433594,124.0172119140625,161.2679443359375,1.4216381311416626,1.4216381311416626,1.4216381311416626,0.0
334.596435546875,431.1258239746094,1001.0,41.0,0.997450590133667,0.006479504983872175,40.0,1.0001524686813354,1.0001524686813354,1.0001524686813354,0.012502716854214668,0.0001740000006975606,0.6560847759246826,840000.0,-0.010183681733906269,-0.002892870455980301,0.048695631325244904,5.398506164550781,-0.2161116600036621,34.60098648071289,6.149763107299805,0.47077083587646484,44.2314453125,5364.822265625,39.73143768310547,82.4830322265625,122.21453094482422,163.64666748046875,1.4563652276992798,1.4563652276992798,1.4563652276992798,0.0
358.32586669921875,396.4753112792969,1001.0,42.0,0.9869370460510254,0.006392067298293114,40.0,1.0008405447006226,1.0008405447006226,1.0008405447006226,0.01195436529815197,0.00017100000695791095,0.6492138504981995,860000.0,-0.009797351434826851,0.0003863302990794182,-0.2186163365840912,5.5651774406433105,0.1666712760925293,36.53915786743164,6.556432247161865,0.40666913986206055,40.97401428222656,5480.490234375,41.99605941772461,73.62110137939453,115.6172103881836,172.98463439941406,1.4909852743148804,1.4909852743148804,1.4909852743148804,0.0
367.1948547363281,383.5889892578125,1001.0,43.0,0.985546886920929,0.005031406879425049,40.0,1.0000314712524414,1.0000314712524414,1.0000314712524414,0.011355881579220295,0.00016799999866634607,0.6483071446418762,880000.0,-0.010453857481479645,-0.0006565060466527939,-0.05281948298215866,5.6243085861206055,0.05913114547729492,36.3526611328125,5.770649433135986,-0.7857828140258789,41.51620101928711,5592.43896484375,40.0417366027832,71.88111877441406,111.92289733886719,178.69444274902344,1.5254191160202026,1.5254191160202026,1.5254191160202026,0.0
368.68524169921875,384.62750244140625,1001.0,44.0,0.9921037554740906,0.004164449870586395,40.0,0.9998725652694702,0.9998725652694702,0.9998725652694702,0.01091114804148674,0.00016500000492669642,0.652573823928833,900000.0,-0.0073324269615113735,0.0031214305199682713,0.013078339397907257,5.466612339019775,-0.15769624710083008,34.420860290527344,6.185866355895996,0.41521692276000977,43.97876739501953,5708.31103515625,37.367759704589844,78.47730255126953,115.84510803222656,172.64431762695312,1.5596963167190552,1.5596963167190552,1.5596963167190552,0.0
354.2919616699219,403.9187927246094,1001.0,45.0,0.9736897349357605,0.005016750190407038,40.0,0.9998714327812195,0.9998714327812195,0.9998714327812195,0.011286663822829723,0.00016199999663513154,0.6406692862510681,920000.0,-0.008369705639779568,-0.0010372786782681942,-0.022143471986055374,5.39646577835083,-0.07014656066894531,35.6468505859375,5.45722770690918,-0.7286386489868164,43.109859466552734,5827.66796875,41.329410552978516,77.99200439453125,119.32145690917969,167.61444091796875,1.5939750671386719,1.5939750671386719,1.5939750671386719,0.0
342.78179931640625,422.8221740722656,1001.0,46.0,0.9759190678596497,0.004863349720835686,40.0,1.0007078647613525,1.0007078647613525,1.0007078647613525,0.011393203400075436,0.00015900000289548188,0.6420954465866089,940000.0,-0.010667568072676659,-0.002297862432897091,0.2619033455848694,5.793583869934082,0.39711809158325195,32.56127166748047,6.28035831451416,0.8231306076049805,47.28777313232422,5951.224609375,42.12217712402344,81.38485717773438,123.50709533691406,161.93402099609375,1.6283915042877197,1.6283915042877197,1.6283915042877197,0.0
341.2069396972656,425.5662841796875,1001.0,47.0,0.969538688659668,0.003855546936392784,40.0,1.0005937814712524,1.0005937814712524,1.0005937814712524,0.01016758382320404,0.000155999994603917,0.6380131840705872,960000.0,-0.007100531831383705,0.0035670362412929535,0.08214174956083298,5.192142486572266,-0.6014413833618164,35.43745422363281,5.432852268218994,-0.847506046295166,42.89803695678711,6076.66259765625,42.306522369384766,83.1001205444336,125.40670776367188,159.48110961914062,1.662950038909912,1.662950038909912,1.662950038909912,0.0
341.1866455078125,426.6817321777344,1001.0,48.0,0.972618043422699,0.004713188856840134,40.0,0.9996476173400879,0.9996476173400879,0.9996476173400879,0.010757426731288433,0.00015300000086426735,0.6399794816970825,980000.0,-0.009768546558916569,-0.0026680147275328636,0.01974356174468994,6.070549488067627,0.8784070014953613,33.04619598388672,6.983578205108643,1.5507259368896484,46.624908447265625,6198.62646484375,41.90724563598633,79.99512481689453,121.90241241455078,164.06565856933594,1.6976426839828491,1.6976426839828491,1.6976426839828491,0.0
351.85955810546875,407.2583923339844,1001.0,49.0,0.9458680152893066,0.006452945061028004,40.0,1.0009057521820068,1.0009057521820068,1.0009057521820068,0.012100274674594402,0.0001500000071246177,0.6230968236923218,1000000.0,-0.010412527248263359,-0.0006439806893467903,-0.04758428782224655,6.234011650085449,0.16346216201782227,33.289512634277344,6.315680503845215,-0.6678977012634277,46.16605758666992,6313.41015625,42.94741439819336,71.81010437011719,114.75757598876953,174.2804412841797,1.7323145866394043,1.7323145866394043,1.7323145866394043,0.0
341.2133483886719,424.6254577636719,1001.0,50.0,0.936030924320221,0.004698070231825113,40.0,1.0001777410507202,1.0001777410507202,1.0001777410507202,0.010911975055932999,0.00014699999883305281,0.6169891357421875,1020000.0,-0.011493775062263012,-0.0010812478139996529,-0.06716330349445343,6.044347763061523,-0.18966388702392578,32.086360931396484,6.1541876792907715,-0.16149282455444336,48.72882843017578,6431.2919921875,42.03773880004883,75.81826782226562,117.85604858398438,169.69854736328125,1.7670941352844238,1.7670941352844238,1.7670941352844238,0.0
340.1395568847656,431.126953125,1001.0,51.0,0.9294743537902832,0.004302025772631168,40.0,1.001175880432129,1.001175880432129,1.001175880432129,0.010962262749671936,0.00014400000509340316,0.6129559278488159,1040000.0,-0.010223221965134144,0.001270553097128868,-0.1992483288049698,6.669574737548828,0.6252269744873047,32.4476432800293,7.347900867462158,1.1937131881713867,47.87094497680664,6560.6201171875,42.127845764160156,87.16637420654297,129.29428100585938,154.68589782714844,1.802016019821167,1.802016019821167,1.802016019821167,0.0
350.18402099609375,414.99188232421875,1001.0,52.0,0.9302401542663574,0.005253031384199858,40.0,0.9998584985733032,0.9998584985733032,0.9998584985733032,0.011248866096138954,0.00014099999680183828,0.613426148891449,1060000.0,-0.009283455088734627,0.0009397668763995171,-0.2726529836654663,6.477258682250977,-0.19231605529785156,33.94194793701172,6.929697036743164,-0.41820383071899414,44.8704833984375,6682.27734375,39.90229797363281,81.7238998413086,121.62626647949219,164.43817138671875,1.8369470834732056,1.8369470834732056,1.8369470834732056,0.0
344.766357421875,423.14703369140625,1001.0,53.0,0.9206289649009705,0.005285147111862898,40.0,1.000460147857666,1.000460147857666,1.000460147857666,0.012031040154397488,0.00013800000306218863,0.6075576543807983,1080000.0,-0.012632112018764019,-0.0033486569300293922,-0.2010076940059662,6.548013687133789,0.0707550048828125,32.115413665771484,7.101181983947754,0.17148494720458984,48.57535171508789,6798.13916015625,41.738487243652344,74.08212280273438,115.82064819335938,172.68077087402344,1.871945858001709,1.871945858001709,1.871945858001709,0.0
336.1555480957031,429.07421875,1001.0,54.0,0.9141318202018738,0.005529269576072693,40.0,0.99962317943573,0.99962317943573,0.99962317943573,0.011215773411095142,0.00013499999477062374,0.6036250591278076,1100000.0,-0.010447460226714611,0.002184651792049408,-0.03989972174167633,7.401118278503418,0.8531045913696289,32.22010803222656,7.372220516204834,0.2710385322570801,48.27432632446289,6929.05615234375,41.634849548339844,89.25552368164062,130.8904571533203,152.7995147705078,1.9070475101470947,1.9070475101470947,1.9070475101470947,0.0
327.8963623046875,437.5666809082031,1001.0,55.0,0.8935299515724182,0.005202814005315304,40.0,1.0011942386627197,1.0011942386627197,1.0011942386627197,0.011887386441230774,0.0001320000010309741,0.5913209319114685,1120000.0,-0.010792768560349941,-0.0003453083336353302,0.1184958666563034,5.893861770629883,-1.5072565078735352,31.310855865478516,5.998397350311279,-1.3738231658935547,49.33743667602539,7082.873046875,41.463768005371094,112.3199234008789,153.7837371826172,130.05276489257812,1.9423017501831055,1.9423017501831055,1.9423017501831055,0.0
340.2759704589844,424.27166748046875,1001.0,56.0,0.8785446286201477,0.005557363852858543,40.0,0.9980893135070801,0.9980893135070801,0.9980893135070801,0.012162601575255394,0.0001289999927394092,0.5825250744819641,1140000.0,-0.012743781320750713,-0.001951012760400772,-0.18630625307559967,7.233916759490967,1.340054988861084,33.2149772644043,8.67182731628418,2.6734299659729004,46.54869842529297,7204.99560546875,43.318668365478516,78.7712173461914,122.08993530273438,163.8136749267578,1.9775936603546143,1.9775936603546143,1.9775936603546143,0.0
343.77227783203125,423.1155090332031,1001.0,57.0,0.8751620650291443,0.005027711857110262,40.0,1.0007097721099854,1.0007097721099854,1.0007097721099854,0.011835324577987194,0.00012599999899975955,0.5805521607398987,1160000.0,-0.011666315607726574,0.0010774657130241394,0.19393351674079895,6.303793430328369,-0.9301233291625977,32.59115982055664,7.827045917510986,-0.8447813987731934,47.450286865234375,7335.3916015625,48.06781005859375,82.30260467529297,130.37045288085938,153.40899658203125,2.0129098892211914,2.0129098892211914,2.0129098892211914,0.0
352.7714538574219,407.9776916503906,1001.0,58.0,0.8577525019645691,0.006857613567262888,40.0,1.0012282133102417,1.0012282133102417,1.0012282133102417,0.012542247772216797,0.0001230000052601099,0.5705384612083435,1180000.0,-0.014102388173341751,-0.002436072565615177,0.10217853635549545,7.066534996032715,0.7627415657043457,33.293968200683594,7.922323226928711,0.09527730941772461,45.597469329833984,7443.68017578125,36.49320983886719,71.768798828125,108.2620620727539,184.73692321777344,2.04813551902771,2.04813551902771,2.04813551902771,0.0
348.1081237792969,411.046630859375,1001.0,59.0,0.8591776490211487,0.005177075043320656,40.0,0.9994987845420837,0.9994987845420837,0.9994987845420837,0.011708448641002178,0.00011999999696854502,0.5713467001914978,1200000.0,-0.01119733601808548,0.0029050521552562714,-0.14850378036499023,6.5222487449646,-0.5442862510681152,33.32632827758789,7.014310836791992,-0.9080123901367188,45.757354736328125,7572.92529296875,46.450069427490234,82.75604248046875,129.20616149902344,154.79136657714844,2.0833029747009277,2.0833029747009277,2.0833029747009277,0.0
363.1810607910156,395.3287048339844,1001.0,60.0,0.8509061932563782,0.0047303116880357265,40.0,1.0006176233291626,1.0006176233291626,1.0006176233291626,0.010929704643785954,0.00011700000322889537,0.5666415095329285,1220000.0,-0.010446790605783463,0.0007505454123020172,-0.37884819507598877,6.1388959884643555,-0.38335275650024414,34.70503616333008,6.407058238983154,-0.6072525978088379,44.63283157348633,7692.50439453125,43.97245407104492,75.56535339355469,119.53785705566406,167.31101989746094,2.118300676345825,2.118300676345825,2.118300676345825,0.0
346.6716003417969,417.5921936035156,1001.0,61.0,0.8333497643470764,0.005111453123390675,40.0,0.998297929763794,0.998297929763794,0.998297929763794,0.011678277514874935,0.0001140000022132881,0.5567827820777893,1240000.0,-0.009268829599022865,0.0011779610067605972,-0.10848832130432129,5.915730953216553,-0.22316503524780273,32.979652404785156,6.003742694854736,-0.40331554412841797,47.459686279296875,7812.13623046875,41.885135650634766,77.71930694580078,119.6044921875,167.21780395507812,2.1533150672912598,2.1533150672912598,2.1533150672912598,0.0
359.48614501953125,404.5517883300781,1001.0,62.0,0.8228016495704651,0.005211225710809231,40.0,0.9998663067817688,0.9998663067817688,0.9998663067817688,0.011882449500262737,0.00011100000119768083,0.5509389042854309,1260000.0,-0.01221831887960434,-0.0029494892805814743,-0.03515665978193283,6.008687973022461,0.0929570198059082,34.812744140625,5.707823753356934,-0.29591894149780273,44.30717849731445,7926.98583984375,40.34859848022461,74.46763610839844,114.8162841796875,174.1913299560547,2.188246011734009,2.188246011734009,2.188246011734009,0.0
336.7557678222656,430.80975341796875,1001.0,63.0,0.8041974306106567,0.004873618483543396,40.0,1.0020214319229126,1.0020214319229126,1.0020214319229126,0.011594101786613464,0.00010800000018207356,0.5407858490943909,1280000.0,-0.0074889459647238255,0.004729372914880514,0.1717739701271057,5.12969970703125,-0.8789882659912109,30.99107551574707,4.989908218383789,-0.7179155349731445,49.65732955932617,8035.83642578125,37.277618408203125,71.54912567138672,108.8267822265625,183.77828979492188,2.2233006954193115,2.2233006954193115,2.2233006954193115,0.0
328.3751525878906,441.3983459472656,1001.0,64.0,0.7901749610900879,0.005597595125436783,40.0,1.0006719827651978,1.0006719827651978,1.0006719827651978,0.011436020955443382,0.0001049999991664663,0.5332556366920471,1300000.0,-0.009610850363969803,-0.0021219043992459774,0.1473105549812317,5.324239730834961,0.19454002380371094,32.115318298339844,5.65017032623291,0.6602621078491211,47.65117645263672,8152.8583984375,38.15098571777344,78.84371948242188,116.99475860595703,170.9478302001953,2.2585437297821045,2.2585437297821045,2.2585437297821045,0.0
327.5120849609375,439.4420166015625,1001.0,65.0,0.7705745697021484,0.005179823376238346,40.0,1.000659704208374,1.000659704208374,1.000659704208374,0.011468772776424885,0.00010199999815085903,0.5229055285453796,1320000.0,-0.015637118369340897,-0.006026268005371094,-0.21548445522785187,6.800886631011963,1.476646900177002,32.40409851074219,7.73728084564209,2.0871105194091797,47.24174499511719,8272.2353515625,44.659061431884766,74.67770385742188,119.3368148803711,167.59288024902344,2.2939388751983643,2.2939388751983643,2.2939388751983643,0.0
324.5279846191406,438.1246032714844,1001.0,66.0,0.7521530985832214,0.005367292556911707,40.0,1.00054132938385,1.00054132938385,1.00054132938385,0.011997122317552567,9.899999713525176e-05,0.5133625268936157,1340000.0,-0.011643202044069767,0.00399391632527113,-0.1359533667564392,7.774235725402832,0.9733490943908691,30.27339744567871,8.369175910949707,0.6318950653076172,49.17758560180664,8387.7529296875,38.3812370300293,77.09732818603516,115.47864532470703,173.19219970703125,2.329458236694336,2.329458236694336,2.329458236694336,0.0
330.8741149902344,436.0387878417969,1001.0,67.0,0.7493249177932739,0.004966930951923132,40.0,0.9996477365493774,0.9996477365493774,0.9996477365493774,0.010966194793581963,9.600000339560211e-05,0.5119065046310425,1360000.0,-0.010598142631351948,0.0010450594127178192,0.06867166608572006,6.793636322021484,-0.9805994033813477,32.63140869140625,7.082810401916504,-1.2863655090332031,47.55033874511719,8506.6982421875,42.909915924072266,75.99317169189453,118.90314483642578,168.20413208007812,2.3650715351104736,2.3650715351104736,2.3650715351104736,0.0
337.01214599609375,429.624755859375,1001.0,68.0,0.745736300945282,0.005928057711571455,40.0,0.9989898800849915,0.9989898800849915,0.9989898800849915,0.012438666075468063,9.300000237999484e-05,0.5100732445716858,1380000.0,-0.01128704659640789,-0.0006889039650559425,-0.11692233383655548,6.450786113739014,-0.3428502082824707,32.76466751098633,7.245238304138184,0.1624279022216797,47.810916900634766,8620.5517578125,40.91392517089844,72.89424133300781,113.80821990966797,175.73423767089844,2.400719165802002,2.400719165802002,2.400719165802002,0.0
348.8604736328125,415.8243713378906,1001.0,69.0,0.7305737137794495,0.0057601178996264935,40.0,0.9997973442077637,0.9997973442077637,0.9997973442077637,0.011523338966071606,9.000000136438757e-05,0.5024054646492004,1400000.0,-0.011367939412593842,-8.089281618595123e-05,-0.03294645994901657,5.881585121154785,-0.5692009925842285,33.24570083618164,6.483872890472412,-0.7613654136657715,46.06394958496094,8739.5771484375,43.48049545288086,75.5182113647461,118.99877166748047,168.06895446777344,2.4362919330596924,2.4362919330596924,2.4362919330596924,0.0
325.859619140625,445.2690124511719,1001.0,70.0,0.7093658447265625,0.005450468044728041,40.0,1.0005420446395874,1.0005420446395874,1.0005420446395874,0.011019645258784294,8.70000003487803e-05,0.4918609857559204,1420000.0,-0.012748024426400661,-0.00138008501380682,-0.10575982928276062,5.398968696594238,-0.4826164245605469,29.15215301513672,6.1729912757873535,-0.3108816146850586,52.55448913574219,8872.5517578125,44.958457946777344,87.97383880615234,132.93234252929688,150.4524688720703,2.472019910812378,2.472019910812378,2.472019910812378,0.0
325.7730407714844,447.4698791503906,1001.0,71.0,0.6956686973571777,0.0052833170630037785,40.0,0.9997252821922302,0.9997252821922302,0.9997252821922302,0.012111970223486423,8.399999933317304e-05,0.4851662218570709,1440000.0,-0.014778687618672848,-0.0020306631922721863,0.2419843226671219,6.555538654327393,1.1565699577331543,32.04590606689453,7.640116214752197,1.4671249389648438,48.45143508911133,8980.6513671875,39.054195404052734,69.01805114746094,108.07229614257812,185.06130981445312,2.5079009532928467,2.5079009532928467,2.5079009532928467,0.0
328.1519470214844,438.4371032714844,1001.0,72.0,0.6846762299537659,0.005795270670205355,40.0,0.9996813535690308,0.9996813535690308,0.9996813535690308,0.011884010396897793,8.099999831756577e-05,0.47986268997192383,1460000.0,-0.016234511509537697,-0.001455823890864849,-0.33326247334480286,6.547510147094727,-0.008028507232666016,32.915767669677734,7.246768474578857,-0.39334774017333984,46.30100631713867,9099.0830078125,37.926544189453125,80.47571563720703,118.40230560302734,168.91563415527344,2.543848752975464,2.543848752975464,2.543848752975464,0.0
343.3575134277344,415.1474914550781,1001.0,73.0,0.6631303429603577,0.005606431048363447,40.0,1.0005908012390137,1.0005908012390137,1.0005908012390137,0.011559625156223774,7.79999973019585e-05,0.4696384370326996,1480000.0,-0.010827786289155483,0.005406725220382214,-0.09247005730867386,5.563745021820068,-0.9837651252746582,32.95658874511719,6.065485000610352,-1.1812834739685059,47.300392150878906,9211.869140625,39.93132781982422,72.81797790527344,112.74934387207031,177.38461303710938,2.5796775817871094,2.5796775817871094,2.5796775817871094,0.0
321.36016845703125,447.93499755859375,1001.0,74.0,0.6501970887184143,0.005129058379679918,40.0,1.0013083219528198,1.0013083219528198,1.0013083219528198,0.011433573439717293,7.500000356230885e-05,0.4635985493659973,1500000.0,-0.014563786797225475,-0.003736000508069992,0.04366282373666763,7.165075302124023,1.601330280303955,29.325803756713867,7.413827896118164,1.3483428955078125,51.677818298339844,9327.0498046875,36.832584381103516,78.31411743164062,115.14674377441406,173.69140625,2.6156487464904785,2.6156487464904785,2.6156487464904785,0.0
311.4790954589844,457.6551208496094,1001.0,75.0,0.6465024352073669,0.00517002958804369,40.0,0.999305009841919,0.999305009841919,0.999305009841919,0.011556925252079964,7.200000254670158e-05,0.4618867337703705,1520000.0,-0.013048162683844566,0.001515624113380909,-0.2159438282251358,6.215281963348389,-0.9497933387756348,30.907943725585938,6.109925270080566,-1.3039026260375977,48.84341812133789,9447.4248046875,42.123558044433594,78.22303009033203,120.34664154052734,166.1865997314453,2.651818037033081,2.651818037033081,2.651818037033081,0.0
309.6248474121094,459.345947265625,1001.0,76.0,0.6418455243110657,0.005187434144318104,40.0,1.000762701034546,1.000762701034546,1.000762701034546,0.01153187733143568,6.900000153109431e-05,0.4597418010234833,1540000.0,-0.014242156408727169,-0.0011939937248826027,-0.055715255439281464,6.560868740081787,0.34558677673339844,31.357711791992188,6.615442276000977,0.5055170059204102,48.724082946777344,9568.2080078125,39.945011138916016,80.79450225830078,120.73957061767578,165.64578247070312,2.688174247741699,2.688174247741699,2.688174247741699,0.0
327.89471435546875,437.427490234375,1001.0,77.0,0.6270182132720947,0.005766228307038546,40.0,1.0006763935089111,1.0006763935089111,1.0006763935089111,0.011828389950096607,6.600000051548705e-05,0.45297929644584656,1560000.0,-0.010594000108540058,0.003648156300187111,0.013100949116051197,5.272269248962402,-1.2885994911193848,32.19554901123047,5.266739368438721,-1.3487029075622559,48.593109130859375,9690.20703125,40.48873519897461,81.47151184082031,121.96029663085938,163.98779296875,2.7245287895202637,2.7245287895202637,2.7245287895202637,0.0
344.4740905761719,408.1329345703125,1001.0,78.0,0.6068050265312195,0.0060385288670659065,40.0,1.001051902770996,1.001051902770996,1.001051902770996,0.011646036989986897,6.299999949987978e-05,0.4439176917076111,1580000.0,-0.011663665063679218,-0.0010696649551391602,-0.12277300655841827,5.980630397796631,0.7083611488342285,33.265411376953125,6.107544898986816,0.8408055305480957,45.817386627197266,9816.580078125,43.998538970947266,82.33939361572266,126.3379898071289,158.30551147460938,2.7606563568115234,2.7606563568115234,2.7606563568115234,0.0
335.8695373535156,424.0412902832031,1001.0,79.0,0.5996394157409668,0.005241200793534517,40.0,1.0003291368484497,1.0003291368484497,1.0003291368484497,0.011052354238927364,5.999999848427251e-05,0.4407424032688141,1600000.0,-0.01205254253000021,-0.0003888774663209915,-0.3534477651119232,5.580572128295898,-0.4000582695007324,30.797889709472656,5.878053188323975,-0.2294917106628418,48.8639030456543,9941.2666015625,42.93772888183594,81.70426177978516,124.64204406738281,160.45950317382812,2.7967028617858887,2.7967028617858887,2.7967028617858887,0.0
329.6952209472656,431.74945068359375,1001.0,80.0,0.5927147269248962,0.004669672809541225,40.0,1.0001237392425537,1.0001237392425537,1.0001237392425537,0.010616365820169449,5.700000110664405e-05,0.4376993775367737,1620000.0,-0.011186212301254272,0.0008663302287459373,0.1508217751979828,5.726609230041504,0.14603710174560547,32.4715576171875,6.6416707038879395,0.7636175155639648,47.45600509643555,10070.064453125,43.64917755126953,85.11363220214844,128.76287841796875,155.32427978515625,2.832735300064087,2.832735300064087,2.832735300064087,0.0
335.58062744140625,426.04278564453125,1001.0,81.0,0.5884930491447449,0.005234242416918278,40.0,1.0003820657730103,1.0003820657730103,1.0003820657730103,0.011727742850780487,5.400000009103678e-05,0.4358554780483246,1640000.0,-0.014088849537074566,-0.0029026372358202934,-0.0859605222940445,6.1754374504089355,0.44882822036743164,33.86221694946289,7.019906997680664,0.3782362937927246,45.787803649902344,10217.88671875,40.41302490234375,107.35157012939453,147.76463317871094,135.3503875732422,2.8687102794647217,2.8687102794647217,2.8687102794647217,0.0
329.0064392089844,437.3829040527344,1001.0,82.0,0.5809690356254578,0.004864965099841356,40.0,1.0000946521759033,1.0000946521759033,1.0000946521759033,0.011226304806768894,5.0999999075429514e-05,0.43258926272392273,1660000.0,-0.012023352086544037,0.002065497450530529,-0.051261380314826965,5.4485063552856445,-0.726931095123291,30.493928909301758,5.941756248474121,-1.078150749206543,51.28632736206055,10337.0849609375,45.41295623779297,73.74054718017578,119.15355682373047,167.8506317138672,2.9047200679779053,2.9047200679779053,2.9047200679779053,0.0
324.2341003417969,442.5855712890625,1001.0,83.0,0.5765301585197449,0.004555270541459322,40.0,1.0002647638320923,1.0002647638320923,1.0002647638320923,0.010425301268696785,4.8000001697801054e-05,0.43067267537117004,1680000.0,-0.01156214252114296,0.00046120956540107727,0.05144096910953522,6.769149303436279,1.3206429481506348,31.90572738647461,7.851155757904053,1.9093995094299316,48.06257247924805,10461.0537109375,41.65358352661133,82.2653579711914,123.91898345947266,161.39576721191406,2.9407992362976074,2.9407992362976074,2.9407992362976074,0.0
330.7523498535156,439.1297912597656,1001.0,84.0,0.5784440040588379,0.004597924649715424,40.0,1.0004717111587524,1.0004717111587524,1.0004717111587524,0.01075840275734663,4.5000000682193786e-05,0.43149733543395996,1700000.0,-0.009749086573719978,0.0018130559474229813,-0.12912976741790771,5.456151485443115,-1.312997817993164,32.04682540893555,6.411696434020996,-1.4394593238830566,48.976776123046875,10580.9150390625,43.65848922729492,76.1667709350586,119.82530212402344,166.90965270996094,2.9769127368927,2.9769127368927,2.9769127368927,0.0
346.3090515136719,418.4792175292969,1001.0,85.0,0.5774097442626953,0.004806876182556152,40.0,1.0001592636108398,1.0001592636108398,1.0001592636108398,0.010779873467981815,4.199999966658652e-05,0.43105125427246094,1720000.0,-0.013150663115084171,-0.003401576541364193,0.029366448521614075,6.2919464111328125,0.8357949256896973,33.2684326171875,6.440896511077881,0.029200077056884766,46.278804779052734,10704.0986328125,43.10748291015625,80.0491714477539,123.15670776367188,162.3947296142578,3.0128958225250244,3.0128958225250244,3.0128958225250244,0.0
345.71722412109375,417.9388732910156,1001.0,86.0,0.5606432557106018,0.004945895168930292,40.0,1.001120686531067,1.001120686531067,1.001120686531067,0.010438096709549427,3.899999865097925e-05,0.4238922894001007,1740000.0,-0.008703673258423805,0.004446989856660366,-0.06861547380685806,6.2242536544799805,-0.06769275665283203,31.22783660888672,5.9133148193359375,-0.5275816917419434,49.403419494628906,10822.5,37.91089630126953,80.4549331665039,118.36587524414062,168.96762084960938,3.048757791519165,3.048757791519165,3.048757791519165,0.0
342.5644226074219,421.5489807128906,1001.0,87.0,0.5509521961212158,0.005464035551995039,40.0,0.9993435740470886,0.9993435740470886,0.9993435740470886,0.01108241081237793,3.600000127335079e-05,0.4197978675365448,1760000.0,-0.013297932222485542,-0.004594258964061737,-0.16673196852207184,6.6140007972717285,0.38974714279174805,32.02928161621094,7.173823833465576,1.2605090141296387,48.18487548828125,10943.2783203125,45.636173248291016,75.11351776123047,120.74974822998047,165.63182067871094,3.0845389366149902,3.0845389366149902,3.0845389366149902,0.0
342.1644287109375,425.58984375,1001.0,88.0,0.5285925269126892,0.005390616599470377,40.0,0.9994992613792419,0.9994992613792419,0.9994992613792419,0.01113096997141838,3.300000025774352e-05,0.4105224311351776,1780000.0,-0.012050299905240536,0.0012476323172450066,-0.14969806373119354,6.451696872711182,-0.16230392456054688,33.670021057128906,6.713688850402832,-0.46013498306274414,45.849525451660156,11064.65625,41.00863265991211,80.31452941894531,121.32322692871094,164.84890747070312,3.120278835296631,3.120278835296631,3.120278835296631,0.0
345.3075866699219,417.1505126953125,1001.0,89.0,0.5137963891029358,0.004556067753583193,40.0,1.0011032819747925,1.0011032819747925,1.0011032819747925,0.010230307467281818,2.9999999242136255e-05,0.4044877886772156,1800000.0,-0.011339353397488594,0.0007109465077519417,-0.1453322172164917,6.458685874938965,0.006989002227783203,32.19929122924805,7.094112396240234,0.38042354583740234,47.97215270996094,11191.673828125,44.701812744140625,82.25782012939453,126.95967864990234,157.53033447265625,3.1559152603149414,3.1559152603149414,3.1559152603149414,0.0
342.20928955078125,419.65313720703125,1001.0,90.0,0.5093218684196472,0.004095747601240873,40.0,1.0008164644241333,1.0008164644241333,1.0008164644241333,0.010178978554904461,2.700000004551839e-05,0.40267863869667053,1820000.0,-0.01021130196750164,0.0011280514299869537,-0.06430856883525848,6.17335319519043,-0.28533267974853516,31.5640811920166,6.412736892700195,-0.6813755035400391,49.05051803588867,11303.5302734375,40.7562370300293,71.06645965576172,111.82275390625,178.85447692871094,3.1914784908294678,3.1914784908294678,3.1914784908294678,0.0
325.5822448730469,444.5768737792969,1001.0,91.0,0.5010632872581482,0.004518159665167332,40.0,1.000575304031372,1.000575304031372,1.000575304031372,0.010353097692131996,2.4000000848900527e-05,0.3993685841560364,1840000.0,-0.0105116693302989,-0.0003003673627972603,0.030337920412421227,6.328442573547363,0.1550893783569336,30.78327751159668,6.414222240447998,0.0014853477478027344,50.126373291015625,11463.1318359375,40.61408233642578,118.95783233642578,159.57200622558594,125.33527374267578,3.22717022895813,3.22717022895813,3.22717022895813,0.0
335.97735595703125,433.2437438964844,1001.0,92.0,0.4856222867965698,0.004842416383326054,40.0,1.000061273574829,1.000061273574829,1.000061273574829,0.010120050050318241,2.099999983329326e-05,0.3932536840438843,1860000.0,-0.011858842335641384,-0.0013471730053424835,-0.019832056015729904,7.160180568695068,0.8317379951477051,32.8840217590332,7.4315900802612305,1.0173678398132324,47.478782653808594,11583.0947265625,46.20050811767578,73.699951171875,119.90050506591797,166.80496215820312,3.2628872394561768,3.2628872394561768,3.2628872394561768,0.0
324.2480773925781,448.36541748046875,1001.0,93.0,0.4738687574863434,0.0045663779601454735,40.0,0.999201774597168,0.999201774597168,0.999201774597168,0.01017036009579897,1.8000000636675395e-05,0.38865381479263306,1880000.0,-0.011169422417879105,0.0006894199177622795,0.101921945810318,6.2148237228393555,-0.9453568458557129,30.638568878173828,6.531172752380371,-0.9004173278808594,50.60438919067383,11708.33984375,46.36346435546875,78.84803771972656,125.2115478515625,159.72967529296875,3.298743724822998,3.298743724822998,3.298743724822998,0.0
324.59918212890625,443.21356201171875,1001.0,94.0,0.46605268120765686,0.004066922701895237,40.0,0.998912513256073,0.998912513256073,0.998912513256073,0.009403904899954796,1.4999999621068127e-05,0.3856268525123596,1900000.0,-0.010034158825874329,0.001135263592004776,-0.07281292974948883,6.174460411071777,-0.040363311767578125,32.23245620727539,6.4297404289245605,-0.10143232345581055,48.527870178222656,11834.3193359375,46.70756912231445,79.23252868652344,125.94014739990234,158.80560302734375,3.3346831798553467,3.3346831798553467,3.3346831798553467,0.0
347.1102600097656,416.7289123535156,1001.0,95.0,0.4676070511341095,0.004397330805659294,40.0,0.9986427426338196,0.9986427426338196,0.9986427426338196,0.010103560984134674,1.2000000424450263e-05,0.3862265646457672,1920000.0,-0.009702572599053383,0.00033158622682094574,-0.13235272467136383,6.516296863555908,0.34183645248413086,34.01608657836914,7.319160461425781,0.8894200325012207,46.01708221435547,11953.4375,38.97781753540039,80.09356689453125,119.0714340209961,167.96640014648438,3.3704886436462402,3.3704886436462402,3.3704886436462402,0.0
346.5627746582031,415.7804260253906,1001.0,96.0,0.47070667147636414,0.003861331846565008,40.0,1.0000824928283691,1.0000824928283691,1.0000824928283691,0.009295017458498478,9.000000318337698e-06,0.38742581009864807,1940000.0,-0.010302257724106312,-0.0005996851250529289,0.020603498443961143,5.2227983474731445,-1.2934985160827637,31.183528900146484,5.179732322692871,-2.13942813873291,50.11650466918945,12073.6396484375,42.23707580566406,77.92652130126953,120.16365051269531,166.43968200683594,3.4061665534973145,3.4061665534973145,3.4061665534973145,0.0
338.66571044921875,427.874755859375,1001.0,97.0,0.46960142254829407,0.0028103843796998262,40.0,0.999878466129303,0.999878466129303,0.999878466129303,0.007868699729442596,6.000000212225132e-06,0.3869982957839966,1960000.0,-0.008664937689900398,0.0016373200342059135,-0.036573171615600586,6.127859115600586,0.9050607681274414,31.140384674072266,6.510493278503418,1.3307609558105469,48.963687896728516,12204.1455078125,42.20303726196289,88.27013397216797,130.47323608398438,153.28814697265625,3.4418249130249023,3.4418249130249023,3.4418249130249023,0.0
330.8477478027344,436.6632080078125,1001.0,98.0,0.46671628952026367,0.0026874628383666277,40.0,1.0000587701797485,1.0000587701797485,1.0000587701797485,0.007383917458355427,3.000000106112566e-06,0.38588258624076843,1980000.0,-0.006609019823372364,0.002055917866528034,0.008021898567676544,5.337131023406982,-0.7907280921936035,34.66316223144531,5.577054023742676,-0.9334392547607422,44.572383880615234,12328.7490234375,40.59000778198242,83.96099853515625,124.5510482788086,160.57672119140625,3.477534294128418,3.477534294128418,3.477534294128418,0.0
356.60125732421875,406.2362365722656,1001.0,99.0,0.46446138620376587,0.0024028813932090998,40.0,1.0000511407852173,1.0000511407852173,1.0000511407852173,0.006615639664232731,0.0,0.38501372933387756,2000000.0,-0.0045636557042598724,0.0020453641191124916,0.22689151763916016,5.40473747253418,0.06760644912719727,32.27949523925781,5.307590961456299,-0.26946306228637695,47.394859313964844,12458.0224609375,46.46609878540039,82.78157806396484,129.2477264404297,154.74159240722656,3.5130488872528076,3.5130488872528076,3.5130488872528076,0.0
