Metrics/EpRet,Metrics/EpCost,Metrics/EpLen,Train/Epoch,Train/Entropy,Train/KL,Train/StopIter,Train/PolicyRatio,Train/PolicyRatio/Min,Train/PolicyRatio/Max,Train/PolicyRatio/Std,Train/LR,Train/PolicyStd,TotalEnvSteps,Loss/Loss_pi,Loss/Loss_pi/Delta,Value/Adv,Loss/Loss_reward_critic,Loss/Loss_reward_critic/Delta,Value/reward,Time/Total,Time/Rollout,Time/Update,Time/Epoch,Time/FPS
-125.66809844970703,26.68091583251953,53.779998779296875,0.0,1.4257107973098755,0.002467815298587084,40.0,0.9995236396789551,0.9995236396789551,0.9995236396789551,0.009792090393602848,0.00029850000282749534,1.006799578666687,20000.0,-0.0022143428213894367,-0.0022143428213894367,0.3394109308719635,199.06463623046875,199.06463623046875,0.052144911140203476,46.05198287963867,11.124946594238281,34.92679214477539,46.0517692565918,434.2938537597656
-125.57073974609375,26.79308319091797,58.91999816894531,1.0,1.40794038772583,0.0067905243486166,40.0,1.0002385377883911,1.0002385377883911,1.0002385377883911,0.014294655993580818,0.0002969999914057553,0.9890651702880859,40000.0,-0.009535713121294975,-0.0073213702999055386,0.12870948016643524,60.539852142333984,-138.52478408813477,-31.823631286621094,93.57694244384766,11.046993255615234,36.460174560546875,47.507198333740234,420.9888610839844
-125.19721984863281,26.732379913330078,63.599998474121094,2.0,1.4081830978393555,0.012136084027588367,40.0,1.000112533569336,1.000112533569336,1.000112533569336,0.01585327833890915,0.0002955000090878457,0.9893060326576233,60000.0,-0.011479913257062435,-0.0019442001357674599,-0.05580520257353783,42.00106430053711,-18.538787841796875,-54.91231918334961,141.19117736816406,11.317336082458496,36.27884292602539,47.59621047973633,420.2015380859375
-125.41883850097656,27.048917770385742,86.33999633789062,3.0,1.3875243663787842,0.011310695670545101,40.0,0.9984798431396484,0.9984798431396484,0.9984798431396484,0.016889378428459167,0.00029399999766610563,0.9690781235694885,80000.0,-0.013849242590367794,-0.002369329333305359,0.07636648416519165,27.68120002746582,-14.319864273071289,-66.05571746826172,188.3531036376953,11.230578422546387,35.91239929199219,47.14301300048828,424.24102783203125
-125.51445007324219,26.770763397216797,86.76000213623047,4.0,1.3610602617263794,0.008576294407248497,40.0,0.9986501932144165,0.9986501932144165,0.9986501932144165,0.01579660177230835,0.0002924999862443656,0.9437710642814636,100000.0,-0.01158551499247551,0.0022637275978922844,-0.26127880811691284,21.919221878051758,-5.7619781494140625,-70.26665496826172,235.16940307617188,11.140655517578125,35.656551361083984,46.79723358154297,427.37567138671875
-124.052490234375,27.02912139892578,96.54000091552734,5.0,1.3357808589935303,0.0079482551664114,40.0,1.0003451108932495,1.0003451108932495,1.0003451108932495,0.013904182240366936,0.000291000003926456,0.9202115535736084,120000.0,-0.008658487349748611,0.002927027642726898,0.29124337434768677,17.892269134521484,-4.026952743530273,-71.43107604980469,282.3041076660156,11.201245307922363,35.915870666503906,47.11714553833008,424.47393798828125
-124.38072967529297,27.248472213745117,107.27999877929688,6.0,1.3095378875732422,0.00937426183372736,40.0,0.9990364909172058,0.9990364909172058,0.9990364909172058,0.014202266000211239,0.0002894999925047159,0.8963764309883118,140000.0,-0.00849202461540699,0.0001664627343416214,0.2017999142408371,14.85904312133789,-3.0332260131835938,-72.20283508300781,332.67938232421875,10.913867950439453,39.44253921508789,50.35645294189453,397.1685791015625
-124.89981079101562,27.324251174926758,104.33999633789062,7.0,1.295675277709961,0.0058304015547037125,40.0,1.0001899003982544,1.0001899003982544,1.0001899003982544,0.01221975777298212,0.0002880000101868063,0.8840336799621582,160000.0,-0.005871563218533993,0.0026204613968729973,-0.04078390821814537,14.422162055969238,-0.43688106536865234,-71.44139099121094,382.0459899902344,10.904897689819336,38.44305419921875,49.34798049926758,405.2850646972656
-124.76764678955078,27.2971134185791,110.9000015258789,8.0,1.2868067026138306,0.005173137877136469,40.0,0.9997591972351074,0.9997591972351074,0.9997591972351074,0.012867371551692486,0.00028649999876506627,0.8762277364730835,180000.0,-0.006561810616403818,-0.0006902473978698254,0.031157493591308594,12.831297874450684,-1.5908641815185547,-71.2061996459961,427.9910888671875,10.748176574707031,35.1786994934082,45.92690658569336,435.4745788574219
-124.36112976074219,27.275545120239258,111.37999725341797,9.0,1.2706104516983032,0.005267388187348843,40.0,1.000256896018982,1.000256896018982,1.000256896018982,0.01286553218960762,0.0002849999873433262,0.8621513247489929,200000.0,-0.006095299497246742,0.0004665111191570759,0.17022041976451874,12.52723503112793,-0.3040628433227539,-70.59650421142578,473.5168151855469,10.85683822631836,34.65073776245117,45.50760269165039,439.48699951171875
-125.11753845214844,27.279504776000977,114.44000244140625,10.0,1.2529404163360596,0.005769933573901653,40.0,0.9998753666877747,0.9998753666877747,0.9998753666877747,0.012738846242427826,0.0002835000050254166,0.847052276134491,220000.0,-0.005625939927995205,0.0004693595692515373,-0.10263857990503311,13.71219253540039,1.184957504272461,-70.02397155761719,519.2025756835938,10.860983848571777,34.80656814575195,45.66758346557617,437.9474182128906
-124.31725311279297,27.308080673217773,117.95999908447266,11.0,1.2401013374328613,0.006374154705554247,40.0,0.9994484782218933,0.9994484782218933,0.9994484782218933,0.012835483998060226,0.00028199999360367656,0.8362452983856201,240000.0,-0.005789958871901035,-0.00016401894390583038,-0.14733678102493286,13.352128982543945,-0.3600635528564453,-69.1585693359375,564.9896240234375,10.794245719909668,34.974300384521484,45.768577575683594,436.9810485839844
-124.102294921875,27.213159561157227,115.16000366210938,12.0,1.2177724838256836,0.0063370633870363235,40.0,0.9996419548988342,0.9996419548988342,0.9996419548988342,0.012998661026358604,0.00028050001128576696,0.8177808523178101,260000.0,-0.006208671256899834,-0.00041871238499879837,-0.12133657187223434,13.135407447814941,-0.2167215347290039,-68.68451690673828,610.4884033203125,10.768097877502441,34.71201705932617,45.48014831542969,439.7522888183594
-124.58137512207031,27.38296127319336,116.69999694824219,13.0,1.1968138217926025,0.007211422547698021,40.0,0.999915599822998,0.999915599822998,0.999915599822998,0.013449663296341896,0.0002789999998640269,0.8008206486701965,280000.0,-0.0061441585421562195,6.45127147436142e-05,-0.18504533171653748,13.284921646118164,0.14951419830322266,-68.20934295654297,656.2992553710938,10.798503875732422,34.99354553222656,45.792076110839844,436.7568054199219
-124.03788757324219,27.272239685058594,119.23999786376953,14.0,1.1663894653320312,0.007320978678762913,40.0,0.9999847412109375,0.9999847412109375,0.9999847412109375,0.01379349734634161,0.00027749998844228685,0.7768246531486511,300000.0,-0.00689313979819417,-0.0007489812560379505,-0.1990536004304886,12.273659706115723,-1.0112619400024414,-67.63113403320312,703.5675048828125,10.854342460632324,36.395355224609375,47.24972915649414,423.2828674316406
-124.03435516357422,27.187705993652344,123.16000366210938,15.0,1.1465977430343628,0.00874481163918972,40.0,0.9989075064659119,0.9989075064659119,0.9989075064659119,0.013964268378913403,0.00027600000612437725,0.7615976333618164,320000.0,-0.006612561177462339,0.0002805786207318306,-0.016469277441501617,11.846622467041016,-0.42703723907470703,-67.98114013671875,751.6854858398438,10.834819793701172,37.265342712402344,48.10019302368164,415.79876708984375
-123.1826400756836,27.219324111938477,121.73999786376953,16.0,1.1177444458007812,0.006616494618356228,40.0,1.000694990158081,1.000694990158081,1.000694990158081,0.013279883190989494,0.0002744999947026372,0.7399411201477051,340000.0,-0.005523825995624065,0.001088735181838274,0.2323777675628662,12.763593673706055,0.9169712066650391,-66.55117797851562,796.9102172851562,10.82345199584961,34.38376235961914,45.20724868774414,442.4069519042969
-124.05441284179688,27.201581954956055,125.05999755859375,17.0,1.111513614654541,0.006550080142915249,40.0,0.9997376203536987,0.9997376203536987,0.9997376203536987,0.013609102927148342,0.0002730000123847276,0.735339879989624,360000.0,-0.0064546214416623116,-0.0009307954460382462,-0.0842980146408081,14.634183883666992,1.8705902099609375,-65.57025146484375,842.192138671875,10.849533081054688,34.414520263671875,45.26408386230469,441.8514404296875
-123.6441879272461,27.259296417236328,122.58000183105469,18.0,1.0886437892913818,0.007663024123758078,40.0,1.0002307891845703,1.0002307891845703,1.0002307891845703,0.01384015753865242,0.00027150000096298754,0.7187190055847168,380000.0,-0.0063738394528627396,8.078198879957199e-05,0.09036436676979065,13.674334526062012,-0.9598493576049805,-65.31388854980469,887.4087524414062,10.855328559875488,34.34373092651367,45.199092864990234,442.48675537109375
-123.19668579101562,27.3074893951416,125.66000366210938,19.0,1.0807145833969116,0.007204934023320675,40.0,0.9992963671684265,0.9992963671684265,0.9992963671684265,0.013176549226045609,0.0002699999895412475,0.7130392789840698,400000.0,-0.005794716998934746,0.0005791224539279938,0.10554320365190506,13.363701820373535,-0.31063270568847656,-65.22499084472656,933.435791015625,10.71069622039795,35.29874038696289,46.009464263916016,434.69317626953125
-123.51818084716797,27.276687622070312,124.5999984741211,20.0,1.061811923980713,0.0074282060377299786,40.0,1.0000888109207153,1.0000888109207153,1.0000888109207153,0.013572858646512032,0.0002685000072233379,0.6996878981590271,420000.0,-0.006325153633952141,-0.000530436635017395,0.06721965223550797,15.54015827178955,2.1764564514160156,-64.46540069580078,978.7864379882812,10.851848602294922,34.48137664794922,45.333255767822266,441.1772155761719
-122.89237213134766,27.3646240234375,134.8800048828125,21.0,1.037566900253296,0.007205383852124214,40.0,1.0004422664642334,1.0004422664642334,1.0004422664642334,0.013944098725914955,0.00026699999580159783,0.682928740978241,440000.0,-0.006592687219381332,-0.0002675335854291916,-0.25295090675354004,14.7569580078125,-0.7832002639770508,-63.60994338989258,1025.41796875,10.826093673706055,35.787845611572266,46.61396789550781,429.0559387207031
-123.22927856445312,27.453575134277344,136.02000427246094,22.0,1.0137969255447388,0.008422606624662876,40.0,0.9986819624900818,0.9986819624900818,0.9986819624900818,0.01451284158974886,0.00026550001348368824,0.6668859720230103,460000.0,-0.006857615429908037,-0.0002649282105267048,0.03744103014469147,14.07046890258789,-0.6864891052246094,-63.258968353271484,1074.9873046875,10.891545295715332,38.65937805175781,49.55095291137695,403.62493896484375
-122.84494018554688,27.466123580932617,140.33999633789062,23.0,0.9947976469993591,0.008914151228964329,40.0,1.0000942945480347,1.0000942945480347,1.0000942945480347,0.014554760418832302,0.0002640000020619482,0.6543350219726562,480000.0,-0.007024270016700029,-0.0001666545867919922,0.20114010572433472,15.220534324645996,1.1500654220581055,-63.042301177978516,1122.156494140625,10.85598373413086,36.295318603515625,47.151329040527344,424.16619873046875
-122.78997039794922,27.475019454956055,141.60000610351562,24.0,0.9644777178764343,0.008371936157345772,40.0,0.9988460540771484,0.9988460540771484,0.9988460540771484,0.014370360411703587,0.0002624999906402081,0.6347957253456116,500000.0,-0.0067489268258214,0.0002753431908786297,0.11379184573888779,15.378073692321777,0.15753936767578125,-62.18076705932617,1168.6268310546875,11.075216293334961,35.37648391723633,46.45172882080078,430.55450439453125
-121.26496124267578,27.50127410888672,141.82000732421875,25.0,0.9446708559989929,0.008531695231795311,40.0,0.9987102150917053,0.9987102150917053,0.9987102150917053,0.014568143524229527,0.0002610000083222985,0.622343897819519,520000.0,-0.006838180590420961,-8.925376459956169e-05,-0.1433454155921936,16.16857147216797,0.7904977798461914,-62.11869812011719,1214.6220703125,10.826848030090332,35.150970458984375,45.97784423828125,434.99212646484375
-120.44853210449219,27.494060516357422,142.17999267578125,26.0,0.9201875925064087,0.00826557818800211,40.0,1.0002797842025757,1.0002797842025757,1.0002797842025757,0.014527905732393265,0.00025949999690055847,0.6072934865951538,540000.0,-0.006896121893078089,-5.794130265712738e-05,-0.08785197883844376,17.27079963684082,1.1022281646728516,-61.63159942626953,1260.8944091796875,11.085359573364258,35.168907165527344,46.25429916381836,432.3922424316406
-121.93104553222656,27.539649963378906,144.36000061035156,27.0,0.9060531258583069,0.009743508882820606,40.0,0.9982699751853943,0.9982699751853943,0.9982699751853943,0.014723517000675201,0.0002579999854788184,0.5987672805786133,560000.0,-0.006154287606477737,0.0007418342866003513,-0.20164194703102112,18.488447189331055,1.2176475524902344,-60.45014190673828,1306.72607421875,10.96761417388916,34.84622573852539,45.81386947631836,436.5490417480469
-121.33272552490234,27.362808227539062,135.5399932861328,28.0,0.8904348611831665,0.007811281364411116,40.0,1.0011287927627563,1.0011287927627563,1.0011287927627563,0.014565730467438698,0.0002565000031609088,0.5894891023635864,580000.0,-0.006520822178572416,-0.0003665345720946789,-0.177504301071167,18.300830841064453,-0.18761634826660156,-60.260250091552734,1352.3663330078125,10.857093811035156,34.76534652709961,45.622474670410156,438.38043212890625
-119.33273315429688,27.561986923217773,148.6199951171875,29.0,0.8761439323425293,0.008389742113649845,40.0,1.000793218612671,1.000793218612671,1.000793218612671,0.015158596448600292,0.00025499999173916876,0.5811246037483215,600000.0,-0.006641301326453686,-0.00012047914788126945,0.1725335419178009,20.3969783782959,2.0961475372314453,-58.7302131652832,1400.545654296875,11.004490852355957,37.15679931640625,48.16132354736328,415.27099609375
-120.11817169189453,27.49120330810547,143.25999450683594,30.0,0.8543934226036072,0.00886569544672966,40.0,0.9989646077156067,0.9989646077156067,0.9989646077156067,0.015360327437520027,0.00025350000942125916,0.5686230063438416,620000.0,-0.0070992703549563885,-0.0004579690285027027,0.10939135402441025,21.216808319091797,0.8198299407958984,-58.39517593383789,1446.2052001953125,10.801130294799805,34.83967971801758,45.640838623046875,438.20404052734375
-117.71952056884766,27.5401554107666,155.86000061035156,31.0,0.8326808214187622,0.010350903496146202,40.0,0.9992185831069946,0.9992185831069946,0.9992185831069946,0.015649128705263138,0.0002519999979995191,0.5564094185829163,640000.0,-0.007471913937479258,-0.0003726435825228691,0.005731940269470215,21.296993255615234,0.0801849365234375,-58.0966682434082,1491.9378662109375,10.792975425720215,34.921180725097656,45.71418380737305,437.5009765625
-119.12387084960938,27.480003356933594,149.3000030517578,32.0,0.8072857856750488,0.009658853523433208,40.0,1.0005847215652466,1.0005847215652466,1.0005847215652466,0.01586191914975643,0.00025049998657777905,0.5424593091011047,660000.0,-0.0075157214887440205,-4.380755126476288e-05,-0.05626896396279335,21.079757690429688,-0.21723556518554688,-56.717166900634766,1537.5946044921875,10.813713073730469,34.82484436035156,45.63858413696289,438.2256774902344
-115.06909942626953,27.628921508789062,155.86000061035156,33.0,0.7673248648643494,0.011829528026282787,40.0,0.999167263507843,0.999167263507843,0.999167263507843,0.01578996703028679,0.00024900000425986946,0.5212100744247437,680000.0,-0.006610236130654812,0.0009054853580892086,-0.012252911925315857,26.076330184936523,4.996572494506836,-55.33202362060547,1583.4306640625,10.91156005859375,34.906490325927734,45.81808090209961,436.5089111328125
-116.29037475585938,27.583284378051758,156.6999969482422,34.0,0.7419885993003845,0.01019641850143671,40.0,0.9986345171928406,0.9986345171928406,0.9986345171928406,0.016016997396945953,0.0002474999928381294,0.5081674456596375,700000.0,-0.007033218163996935,-0.00042298203334212303,-0.29053807258605957,31.575477600097656,5.499147415161133,-53.885501861572266,1631.16796875,10.861156463623047,36.85829162597656,47.71947479248047,419.1160888671875
-106.47928619384766,27.781692504882812,174.5800018310547,35.0,0.7164466381072998,0.009139899164438248,40.0,0.9991257786750793,0.9991257786750793,0.9991257786750793,0.015676438808441162,0.0002460000105202198,0.49535369873046875,720000.0,-0.006598146632313728,0.00043507153168320656,-0.08098915964365005,39.3149299621582,7.739452362060547,-52.173667907714844,1676.503173828125,10.824217796325684,34.492610931396484,45.31686019897461,441.33685302734375
-108.787841796875,27.771024703979492,175.77999877929688,36.0,0.6951287984848022,0.010395798832178116,40.0,0.9996181130409241,0.9996181130409241,0.9996181130409241,0.01600828766822815,0.00024449999909847975,0.48490583896636963,740000.0,-0.00685259560123086,-0.0002544489689171314,0.08661552518606186,35.547584533691406,-3.767345428466797,-52.019901275634766,1722.6212158203125,10.753740310668945,35.34677505493164,46.100547790527344,433.8343200683594
-99.30992126464844,27.874326705932617,188.72000122070312,37.0,0.6754594445228577,0.01024803426116705,40.0,0.9978417158126831,0.9978417158126831,0.9978417158126831,0.016251003369688988,0.00024300000222865492,0.4754592180252075,760000.0,-0.007366804406046867,-0.0005142088048160076,-0.19351449608802795,41.2762451171875,5.728660583496094,-48.44708251953125,1767.86279296875,10.68596363067627,34.53089141845703,45.216880798339844,442.3127136230469
-100.4541015625,28.01000213623047,193.97999572753906,38.0,0.6516067981719971,0.01221371628344059,40.0,0.9992533922195435,0.9992533922195435,0.9992533922195435,0.016738133504986763,0.0002415000053588301,0.46425244212150574,780000.0,-0.006649088114500046,0.0007177162915468216,-0.06223199516534805,46.69287109375,5.4166259765625,-47.40269470214844,1813.3797607421875,10.729952812194824,34.768978118896484,45.498958587646484,439.57049560546875
-92.15042877197266,28.056678771972656,204.86000061035156,39.0,0.6187552213668823,0.0112394904717803,40.0,0.9997568130493164,0.9997568130493164,0.9997568130493164,0.017242595553398132,0.00023999999393709004,0.4492523968219757,800000.0,-0.008050793781876564,-0.0014017056673765182,-0.085524782538414,58.98992156982422,12.297050476074219,-43.058536529541016,1860.18212890625,10.78122329711914,36.003753662109375,46.78500747680664,427.48736572265625
-100.38017272949219,27.88825225830078,195.60000610351562,40.0,0.6022539138793945,0.009434501640498638,40.0,0.9979473352432251,0.9979473352432251,0.9979473352432251,0.016429048031568527,0.0002384999970672652,0.4418960511684418,820000.0,-0.007464401423931122,0.0005863923579454422,0.0773053839802742,55.022769927978516,-3.967151641845703,-40.443904876708984,1906.34619140625,10.934082984924316,35.209434509277344,46.14354705810547,433.4300537109375
-86.93460083007812,27.91446304321289,206.82000732421875,41.0,0.5918416976928711,0.00973180029541254,40.0,0.9987123608589172,0.9987123608589172,0.9987123608589172,0.017086757346987724,0.00023700000019744039,0.4373187720775604,840000.0,-0.007742865942418575,-0.00027846451848745346,0.12951086461544037,61.09897994995117,6.076210021972656,-37.958030700683594,1954.1539306640625,10.864572525024414,36.92522048950195,47.789825439453125,418.4991455078125
-101.96157836914062,27.778793334960938,192.82000732421875,42.0,0.5769190192222595,0.012722300365567207,40.0,0.9997026920318604,0.9997026920318604,0.9997026920318604,0.016597380861639977,0.00023550000332761556,0.4308422803878784,860000.0,-0.006921857595443726,0.0008210083469748497,0.0555843859910965,59.50572204589844,-1.5932579040527344,-39.29615783691406,2001.0673828125,11.070757865905762,35.82453155517578,46.895320892333984,426.4818115234375
-105.75279998779297,27.829513549804688,193.0800018310547,43.0,0.5646246671676636,0.011178713291883469,40.0,0.9978929162025452,0.9978929162025452,0.9978929162025452,0.01792634092271328,0.00023400000645779073,0.42557650804519653,880000.0,-0.008848975412547588,-0.0019271178171038628,-0.18315085768699646,56.18238830566406,-3.323333740234375,-39.58603286743164,2050.359619140625,10.745685577392578,38.528263092041016,49.27397537231445,405.8937683105469
-95.82132720947266,27.711210250854492,197.44000244140625,44.0,0.5523183941841125,0.011465086601674557,40.0,0.9989979267120361,0.9989979267120361,0.9989979267120361,0.017644807696342468,0.00023249999503605068,0.42037147283554077,900000.0,-0.007711199577897787,0.0011377758346498013,0.3128904104232788,59.983341217041016,3.800952911376953,-37.33285140991211,2100.87841796875,11.055124282836914,39.44532775878906,50.500484466552734,396.0357971191406
-97.94926452636719,27.70501136779785,199.4600067138672,45.0,0.5405577421188354,0.01270828302949667,40.0,0.998717188835144,0.998717188835144,0.998717188835144,0.017748618498444557,0.00023099999816622585,0.4154566824436188,920000.0,-0.008002614602446556,-0.000291415024548769,0.10417622327804565,62.02350616455078,2.0401649475097656,-35.74026107788086,2147.42919921875,10.838897705078125,35.68757247924805,46.5265007019043,429.862548828125
-90.40003967285156,27.846715927124023,208.77999877929688,46.0,0.5186443328857422,0.01707061380147934,40.0,0.999803364276886,0.999803364276886,0.999803364276886,0.017368681728839874,0.00022950000129640102,0.40645185112953186,940000.0,-0.007115559186786413,0.0008870554156601429,-0.045217663049697876,68.0659408569336,6.0424346923828125,-34.8212890625,2193.914306640625,10.812182426452637,35.654781341552734,46.46699142456055,430.4130859375
-98.81626892089844,27.956331253051758,207.25999450683594,47.0,0.5009546875953674,0.0114383390173316,40.0,0.9995754361152649,0.9995754361152649,0.9995754361152649,0.017853446304798126,0.0002280000044265762,0.3993261456489563,960000.0,-0.008574687875807285,-0.0014591286890208721,-0.20035609602928162,71.00723266601562,2.9412918090820312,-33.300010681152344,2243.952392578125,11.142888069152832,38.87639617919922,50.019317626953125,399.84552001953125
-89.08847045898438,27.940305709838867,220.60000610351562,48.0,0.48071619868278503,0.01089162565767765,40.0,1.000528335571289,1.000528335571289,1.000528335571289,0.017112059518694878,0.00022649999300483614,0.39132508635520935,980000.0,-0.0067180548794567585,0.0018566329963505268,0.17221224308013916,65.50215911865234,-5.505073547363281,-34.14704513549805,2290.142822265625,10.780060768127441,35.39143371582031,46.17152404785156,433.16741943359375
-84.20217895507812,27.948118209838867,228.66000366210938,49.0,0.467691570520401,0.012787518091499805,40.0,0.9999421238899231,0.9999421238899231,0.9999421238899231,0.017743216827511787,0.00022499999613501132,0.38626158237457275,1000000.0,-0.007770168595016003,-0.0010521137155592442,0.18928365409374237,66.9461441040039,1.4439849853515625,-30.589874267578125,2339.26171875,10.984315872192383,38.11648941040039,49.100833892822266,407.3250732421875
-96.21928405761719,27.86719512939453,218.8800048828125,50.0,0.4517780840396881,0.013651699759066105,40.0,0.9986647963523865,0.9986647963523865,0.9986647963523865,0.018094783648848534,0.0002234999992651865,0.3801621198654175,1020000.0,-0.00786400306969881,-9.383447468280792e-05,0.06810013204813004,69.99012756347656,3.0439834594726562,-32.01997375488281,2385.261474609375,10.831563949584961,35.15042495727539,45.98202133178711,434.9526062011719
-93.11505126953125,27.915971755981445,213.02000427246094,51.0,0.44402986764907837,0.012546525336802006,40.0,0.997281551361084,0.997281551361084,0.997281551361084,0.018239229917526245,0.00022200000239536166,0.3772276043891907,1040000.0,-0.008057915605604649,-0.000193912535905838,-0.3650449514389038,74.38001251220703,4.389884948730469,-32.09953308105469,2430.714599609375,10.799428939819336,34.63541793823242,45.43487548828125,440.1904602050781
-86.91923522949219,27.933408737182617,229.16000366210938,52.0,0.42684289813041687,0.010684565640985966,40.0,0.9998869895935059,0.9998869895935059,0.9998869895935059,0.017813406884670258,0.00022050000552553684,0.3708030581474304,1060000.0,-0.008059322834014893,-1.407228410243988e-06,0.015730859711766243,70.0780029296875,-4.302009582519531,-28.987672805786133,2479.646728515625,10.831856727600098,38.08189010620117,48.91377639770508,408.88275146484375
-94.14141845703125,27.964027404785156,221.47999572753906,53.0,0.41050437092781067,0.011463990435004234,40.0,0.9990507960319519,0.9990507960319519,0.9990507960319519,0.017461197450757027,0.00021899999410379678,0.36479103565216064,1080000.0,-0.006790867540985346,0.0012684552930295467,0.29368388652801514,62.29191207885742,-7.786090850830078,-29.139015197753906,2526.7177734375,11.323639869689941,35.72913360595703,47.05281066894531,425.0543212890625
-87.35226440429688,28.048776626586914,233.82000732421875,54.0,0.38894686102867126,0.012167778797447681,40.0,1.000192403793335,1.000192403793335,1.000192403793335,0.01785849966108799,0.00021749999723397195,0.35701265931129456,1100000.0,-0.007394909858703613,-0.0006040423177182674,0.2206183522939682,68.1502914428711,5.858379364013672,-30.069297790527344,2572.451171875,10.946748733520508,34.76708221435547,45.71385955810547,437.50408935546875
-100.84408569335938,27.71805191040039,203.5800018310547,55.0,0.3834344744682312,0.021117324009537697,34.0,0.9998695850372314,0.9998695850372314,0.9998695850372314,0.01847005821764469,0.00021600000036414713,0.3550480008125305,1120000.0,-0.007717518135905266,-0.0003226082772016525,-0.053608305752277374,64.743408203125,-3.4068832397460938,-30.72450065612793,2612.743896484375,10.920867919921875,29.35391616821289,40.274818420410156,496.5882263183594
-90.8432388305664,27.910303115844727,231.47999572753906,56.0,0.36326268315315247,0.014428178779780865,40.0,0.9990727305412292,0.9990727305412292,0.9990727305412292,0.01889510080218315,0.0002145000034943223,0.34795942902565,1140000.0,-0.007989049889147282,-0.00027153175324201584,-0.3168855309486389,54.934974670410156,-9.808433532714844,-30.226469039916992,2660.061767578125,10.673148155212402,36.62804412841797,47.30122375488281,422.8220520019531
-96.96934509277344,27.642417907714844,216.63999938964844,57.0,0.34220078587532043,0.013429777696728706,40.0,1.0010180473327637,1.0010180473327637,1.0010180473327637,0.0183852668851614,0.00021300000662449747,0.34070712327957153,1160000.0,-0.007716979831457138,0.0002720700576901436,0.1652885377407074,53.547752380371094,-1.3872222900390625,-30.828981399536133,2710.26416015625,11.124872207641602,39.058658599853516,50.183563232421875,398.536865234375
-91.59709167480469,27.995136260986328,234.3800048828125,58.0,0.3229299783706665,0.010044010356068611,40.0,0.9983036518096924,0.9983036518096924,0.9983036518096924,0.01795956864953041,0.00021149999520275742,0.33420488238334656,1180000.0,-0.00564386835321784,0.002073111478239298,-0.2970326542854309,59.15818786621094,5.610435485839844,-29.48350715637207,2756.916015625,10.788333892822266,35.84495162963867,46.63331604003906,428.8779296875
-102.44241333007812,27.945756912231445,223.63999938964844,59.0,0.30155149102211,0.014311697334051132,40.0,1.0011223554611206,1.0011223554611206,1.0011223554611206,0.01807655207812786,0.0002099999983329326,0.3271366357803345,1200000.0,-0.007452423218637705,-0.0018085548654198647,0.47059011459350586,43.70170593261719,-15.45648193359375,-31.391164779663086,2806.069580078125,11.001670837402344,38.133056640625,49.134761810302734,407.0438232421875
-103.4742660522461,27.79318618774414,216.44000244140625,60.0,0.28760701417922974,0.013217663392424583,40.0,1.000129222869873,1.000129222869873,1.000129222869873,0.018079634755849838,0.00020850000146310776,0.3226044476032257,1220000.0,-0.006882159970700741,0.000570263247936964,-0.12732474505901337,43.66847229003906,-0.033233642578125,-31.974769592285156,2855.02099609375,10.954870223999023,37.97760009765625,48.932498931884766,408.726318359375
-106.3212661743164,27.8590030670166,206.97999572753906,61.0,0.27049440145492554,0.025203807279467583,23.0,1.0004546642303467,1.0004546642303467,1.0004546642303467,0.018170427531003952,0.00020700000459328294,0.3171325922012329,1240000.0,-0.005523405037820339,0.0013587549328804016,-0.1342998445034027,46.49253463745117,2.8240623474121094,-31.774858474731445,2886.235595703125,11.050093650817871,20.146102905273438,31.196229934692383,641.1031494140625
-95.35594940185547,27.861251831054688,225.16000366210938,62.0,0.23941002786159515,0.011386326514184475,40.0,0.9995564818382263,0.9995564818382263,0.9995564818382263,0.018483860418200493,0.00020549999317154288,0.30742716789245605,1260000.0,-0.0068730320781469345,-0.0013496270403265953,0.14895962178707123,51.583396911621094,5.090862274169922,-33.96742630004883,2932.03564453125,10.924394607543945,34.86096954345703,45.78539276123047,436.820556640625
-95.46703338623047,27.703168869018555,216.3800048828125,63.0,0.2057153433561325,0.02169462852180004,29.0,0.9984260201454163,0.9984260201454163,0.9984260201454163,0.019397683441638947,0.00020399999630171806,0.2972438633441925,1280000.0,-0.007314532529562712,-0.0004415004514157772,0.3081420063972473,56.454219818115234,4.870822906494141,-31.788381576538086,2969.11572265625,11.589594841003418,25.47236442565918,37.061988830566406,539.636474609375
-75.2764663696289,27.875574111938477,251.44000244140625,64.0,0.19960737228393555,0.019043967127799988,40.0,0.9973907470703125,0.9973907470703125,0.9973907470703125,0.019873350858688354,0.00020249999943189323,0.2954283356666565,1300000.0,-0.00560043565928936,0.0017140968702733517,-0.15433140099048615,61.73478317260742,5.2805633544921875,-29.880552291870117,3015.062744140625,10.934724807739258,34.996376037597656,45.93113327026367,435.43450927734375
-78.2838363647461,27.827444076538086,246.77999877929688,65.0,0.1825810968875885,0.024229170754551888,9.0,0.9995605945587158,0.9995605945587158,0.9995605945587158,0.01933666132390499,0.0002010000025620684,0.29044586420059204,1320000.0,-0.0006793598877266049,0.004921075771562755,-0.047505199909210205,57.402000427246094,-4.332782745361328,-29.787696838378906,3033.65966796875,10.679831504821777,7.898550987243652,18.578414916992188,1076.51806640625
-83.46934509277344,27.75601577758789,236.4600067138672,66.0,0.15641920268535614,0.02416851930320263,6.0,0.9994117617607117,0.9994117617607117,0.9994117617607117,0.017085440456867218,0.00019950000569224358,0.2829478681087494,1340000.0,-0.0015580471372231841,-0.0008786872494965792,-0.054856810718774796,59.758731842041016,2.356731414794922,-27.6879940032959,3049.85302734375,10.801498413085938,5.379492282867432,16.181018829345703,1236.0162353515625
-56.41237258911133,28.05984115600586,287.1199951171875,67.0,0.13566559553146362,0.012818381190299988,40.0,0.997533917427063,0.997533917427063,0.997533917427063,0.01911897398531437,0.00019799999427050352,0.2771304249763489,1360000.0,-0.004827274940907955,-0.003269227803684771,-0.013885747641324997,53.28118896484375,-6.477542877197266,-24.688796997070312,3098.187255859375,10.869217872619629,37.45412063598633,48.323368072509766,413.87841796875
-57.48207473754883,27.831253051757812,266.1199951171875,68.0,0.1307554841041565,0.030453339219093323,18.0,0.9982551336288452,0.9982551336288452,0.9982551336288452,0.020058203488588333,0.0001964999974006787,0.2757720351219177,1380000.0,-0.003742251778021455,0.0010850231628865004,-0.13971374928951263,51.01035690307617,-2.270832061767578,-23.59186553955078,3125.099609375,10.887855529785156,16.00543785095215,26.893321990966797,743.6790771484375
-50.756099700927734,28.062232971191406,294.1199951171875,69.0,0.12212516367435455,0.010636371560394764,40.0,1.0010554790496826,1.0010554790496826,1.0010554790496826,0.019808964803814888,0.00019500000053085387,0.27340221405029297,1400000.0,-0.0045581054873764515,-0.0008158537093549967,0.17037372291088104,56.168800354003906,5.158443450927734,-18.849544525146484,3175.457275390625,10.867246627807617,39.47663116455078,50.34391403198242,397.2674865722656
-55.71427917480469,28.093297958374023,294.6199951171875,70.0,0.12354648113250732,0.03494475036859512,8.0,0.9993785619735718,0.9993785619735718,0.9993785619735718,0.017958909273147583,0.00019350000366102904,0.2737908363342285,1420000.0,-0.001956472871825099,0.0026016326155513525,0.08099213242530823,66.23614501953125,10.067344665527344,-16.413755416870117,3194.03662109375,11.252680778503418,7.301535606384277,18.554248809814453,1077.9202880859375
4.341489315032959,27.903554916381836,332.4599914550781,71.0,0.11521409451961517,0.02190672792494297,5.0,0.9991205334663391,0.9991205334663391,0.9991205334663391,0.018849793821573257,0.00019200000679120421,0.27151957154273987,1440000.0,-0.0019939630292356014,-3.7490157410502434e-05,0.07716520130634308,63.417442321777344,-2.8187026977539062,-9.88410758972168,3209.649658203125,10.978742599487305,4.622511863708496,15.601284980773926,1281.94580078125
0.05968261882662773,27.933401107788086,325.4200134277344,72.0,0.10458608716726303,0.02100076526403427,29.0,0.997496485710144,0.997496485710144,0.997496485710144,0.019530082121491432,0.00019049999536946416,0.2686488628387451,1460000.0,-0.007095877546817064,-0.005101914517581463,0.016236916184425354,58.36078643798828,-5.0566558837890625,-7.084113121032715,3250.127197265625,10.881681442260742,29.58469009399414,40.46640396118164,494.2371520996094
24.821104049682617,27.76260757446289,343.82000732421875,73.0,0.11441686749458313,0.02729235216975212,18.0,0.9944479465484619,0.9944479465484619,0.9944479465484619,0.02032262459397316,0.00018899999849963933,0.2713049650192261,1480000.0,-0.0042451792396605015,0.002850698307156563,0.041320912539958954,55.810997009277344,-2.5497894287109375,-2.234078884124756,3276.960205078125,10.94189167022705,15.874313354492188,26.816234588623047,745.81689453125
141.01812744140625,27.83185577392578,457.8999938964844,74.0,0.09393223375082016,0.023467112332582474,21.0,0.9981401562690735,0.9981401562690735,0.9981401562690735,0.018413295969367027,0.0001875000016298145,0.26580530405044556,1500000.0,-0.006238365080207586,-0.001993185840547085,0.2422163188457489,55.36946105957031,-0.44153594970703125,10.16307258605957,3309.456787109375,10.995988845825195,21.48687744140625,32.48290252685547,615.70849609375
53.079689025878906,27.861553192138672,363.6199951171875,75.0,0.08549123257398605,0.022681409493088722,3.0,0.9996086955070496,0.9996086955070496,0.9996086955070496,0.018985213711857796,0.00018600000475998968,0.2635684013366699,1520000.0,-0.001277832081541419,0.004960532998666167,0.13129138946533203,80.6293716430664,25.259910583496094,2.6223528385162354,3323.378662109375,10.641036987304688,3.2619223594665527,13.902992248535156,1438.539306640625
168.1786651611328,28.131080627441406,493.8999938964844,76.0,0.07668071985244751,0.02105974406003952,8.0,0.9987540245056152,0.9987540245056152,0.9987540245056152,0.018761474639177322,0.00018449999333824962,0.26125600934028625,1540000.0,-0.0026947439182549715,-0.0014169118367135525,-0.19360531866550446,53.23289489746094,-27.39647674560547,14.485721588134766,3341.18798828125,10.811076164245605,6.984966278076172,17.796072006225586,1123.843505859375
150.81446838378906,27.969829559326172,462.0,77.0,0.06810188293457031,0.021060239523649216,12.0,0.9967166185379028,0.9967166185379028,0.9967166185379028,0.01792130246758461,0.0001829999964684248,0.2590239644050598,1560000.0,-0.0032174079678952694,-0.0005226640496402979,0.2417912483215332,47.70602798461914,-5.526866912841797,17.166297912597656,3362.82080078125,10.978277206420898,10.642757415771484,21.621074676513672,925.0234375
232.03675842285156,27.755229949951172,527.6799926757812,78.0,0.055354874581098557,0.02506384439766407,10.0,0.9981613755226135,0.9981613755226135,0.9981613755226135,0.031102173030376434,0.00018149999959859997,0.25574561953544617,1580000.0,-0.003079370828345418,0.00013803713954985142,0.1248106136918068,41.451202392578125,-6.254825592041016,23.92770767211914,3383.30859375,11.005511283874512,9.46778392791748,20.473325729370117,976.880859375
200.52183532714844,27.92194175720215,499.0,79.0,0.05194701626896858,0.012524339370429516,40.0,0.996677041053772,0.996677041053772,0.996677041053772,0.0191130880266428,0.00018000000272877514,0.25487375259399414,1600000.0,-0.005539009813219309,-0.002459638984873891,-0.10799696296453476,44.71025848388672,3.2590560913085938,32.63100051879883,3430.0205078125,10.734976768493652,35.961997985839844,46.69700241088867,428.29302978515625
193.34353637695312,27.950645446777344,473.1400146484375,80.0,0.05573752522468567,0.03047638013958931,21.0,0.9978182911872864,0.9978182911872864,0.9978182911872864,0.02041357196867466,0.00017850000585895032,0.2558414041996002,1620000.0,-0.005444671027362347,9.43387858569622e-05,-0.04013485461473465,51.75627899169922,7.0460205078125,28.866140365600586,3461.5029296875,11.00788688659668,20.456493377685547,31.464414596557617,635.6387329101562
293.3059997558594,28.05316162109375,579.0999755859375,81.0,0.053954556584358215,0.008280308917164803,40.0,0.9979774355888367,0.9979774355888367,0.9979774355888367,0.017322015017271042,0.00017699999443721026,0.255385160446167,1640000.0,-0.0056717367842793465,-0.00022706575691699982,-0.30906641483306885,18.21755599975586,-33.53872299194336,42.87153625488281,3509.93359375,10.731592178344727,37.68012237548828,48.4117431640625,413.1228942871094
343.74139404296875,27.90432357788086,627.7999877929688,82.0,0.055236950516700745,0.02372805029153824,3.0,1.000422716140747,1.000422716140747,1.000422716140747,0.018785400316119194,0.00017549999756738544,0.25571292638778687,1660000.0,0.0003563912177924067,0.006028128002071753,-0.06872846186161041,49.298187255859375,31.080631256103516,38.22883224487305,3523.6943359375,11.100408554077148,2.641653537750244,13.74209213256836,1455.382568359375
249.80508422851562,27.96115493774414,571.8200073242188,83.0,0.07023456692695618,0.02536255493760109,26.0,0.9993860721588135,0.9993860721588135,0.9993860721588135,0.019359663128852844,0.0001740000006975606,0.2595791220664978,1680000.0,-0.0015044764149934053,-0.001860867632785812,-0.26720288395881653,75.53211212158203,26.233924865722656,35.319034576416016,3561.70556640625,10.80245590209961,27.198261260986328,38.00074768066406,526.305419921875
261.26397705078125,27.513933181762695,559.1199951171875,84.0,0.06126508489251137,0.0338914580643177,18.0,0.9981967210769653,0.9981967210769653,0.9981967210769653,0.02008073963224888,0.00017250000382773578,0.2572595477104187,1700000.0,-0.005325071047991514,-0.003820594632998109,0.10259725153446198,50.90799331665039,-24.62411880493164,44.45073318481445,3588.76953125,10.975672721862793,16.068214416503906,27.04391860961914,739.537841796875
367.998046875,27.178550720214844,644.7000122070312,85.0,0.06071808561682701,0.010512071661651134,40.0,0.9981690049171448,0.9981690049171448,0.9981690049171448,0.019124818965792656,0.00017100000695791095,0.2571185231208801,1720000.0,-0.0049699037335813046,0.00035516731441020966,0.03805697336792946,35.8022346496582,-15.105758666992188,49.41029739379883,3639.7861328125,10.778782844543457,40.223995208740234,51.002811431884766,392.13525390625
380.4507751464844,27.085067749023438,650.8200073242188,86.0,0.047486428171396255,0.023221474140882492,8.0,0.9979881048202515,0.9979881048202515,0.9979881048202515,0.01841822825372219,0.0001694999955361709,0.25374168157577515,1740000.0,-0.0004763806937262416,0.004493523039855063,-0.004662655293941498,36.05452346801758,0.252288818359375,52.398555755615234,3658.608642578125,11.155950546264648,7.648098945617676,18.80408477783203,1063.5987548828125
312.8344421386719,27.2288761138916,587.6599731445312,87.0,0.06280305236577988,0.015334364026784897,40.0,0.998672604560852,0.998672604560852,0.998672604560852,0.01914801262319088,0.00016799999866634607,0.2576579749584198,1760000.0,-0.005012101028114557,-0.004535720334388316,0.05937984213232994,57.94438934326172,21.88986587524414,49.39296340942383,3706.552490234375,10.944913864135742,36.98695755004883,47.931907653808594,417.25860595703125
289.94122314453125,27.341279983520508,568.5999755859375,88.0,0.050096750259399414,0.018794890493154526,40.0,0.9993553161621094,0.9993553161621094,0.9993553161621094,0.01865190453827381,0.00016650000179652125,0.25440436601638794,1780000.0,-0.004243073519319296,0.0007690275087952614,0.12894150614738464,52.7617301940918,-5.182659149169922,53.44549560546875,3753.436767578125,10.62962532043457,36.229469299316406,46.8591194152832,426.8112487792969
343.39923095703125,27.368206024169922,613.3800048828125,89.0,0.04339315742254257,0.01030213013291359,40.0,0.9986526966094971,0.9986526966094971,0.9986526966094971,0.01802266389131546,0.00016500000492669642,0.25270241498947144,1800000.0,-0.007658073678612709,-0.003415000159293413,0.05917390435934067,37.21790313720703,-15.543827056884766,57.70098114013672,3801.9599609375,10.852202415466309,37.65290832519531,48.50514221191406,412.3274230957031
337.4874572753906,27.384981155395508,608.02001953125,90.0,0.026757290586829185,0.012214571237564087,40.0,0.9987502098083496,0.9987502098083496,0.9987502098083496,0.018270108848810196,0.00016349999350495636,0.24853450059890747,1820000.0,-0.00412054592743516,0.0035375277511775494,0.019521359354257584,52.44180679321289,15.22390365600586,54.52242660522461,3847.732421875,10.777412414550781,34.97067642211914,45.74811553955078,437.17645263671875
307.79205322265625,27.285165786743164,579.7000122070312,91.0,0.02223421446979046,0.00885187741369009,40.0,0.9987156391143799,0.9987156391143799,0.9987156391143799,0.018269697204232216,0.00016199999663513154,0.24741168320178986,1840000.0,-0.005844529252499342,-0.0017239833250641823,-0.2920556366443634,29.755611419677734,-22.686195373535156,53.04195022583008,3894.697265625,10.878410339355469,36.067203521728516,46.94564437866211,426.0246276855469
263.5505065917969,27.3128662109375,534.1799926757812,92.0,0.02101394534111023,0.011352023109793663,40.0,0.9988029599189758,0.9988029599189758,0.9988029599189758,0.019219152629375458,0.0001604999997653067,0.24711011350154877,1860000.0,-0.006735817063599825,-0.0008912878111004829,-0.024058274924755096,61.75141143798828,31.995800018310547,54.090179443359375,3940.54833984375,10.839040756225586,34.99406433105469,45.8331413269043,436.365478515625
455.5339050292969,27.040891647338867,710.780029296875,93.0,-0.03213845193386078,0.016350196674466133,40.0,1.0002182722091675,1.0002182722091675,1.0002182722091675,0.01751277782022953,0.00015900000289548188,0.23435047268867493,1880000.0,-0.004201708827167749,0.0025341082364320755,0.09675590693950653,36.359493255615234,-25.391918182373047,71.80439758300781,3986.175537109375,10.73415470123291,34.87489700317383,45.60908126831055,438.5091552734375
552.359619140625,26.742319107055664,793.6400146484375,94.0,-0.05017848685383797,0.02007371559739113,37.0,0.9979116320610046,0.9979116320610046,0.9979116320610046,0.017554448917508125,0.00015750000602565706,0.2301289439201355,1900000.0,-0.0058087995275855064,-0.001607090700417757,-0.05273896083235741,31.732458114624023,-4.627035140991211,68.35518646240234,4032.3876953125,10.822626113891602,35.37133026123047,46.19398880004883,432.9567565917969
488.25323486328125,26.95962905883789,741.0,95.0,-0.05289711058139801,0.06795952469110489,1.0,1.003050684928894,1.003050684928894,1.003050684928894,0.0362454317510128,0.000155999994603917,0.22950388491153717,1920000.0,0.005066941492259502,0.010875741019845009,0.10457485914230347,75.78462982177734,44.05217170715332,67.09524536132812,4044.32275390625,10.99867057800293,0.9180212020874023,11.916727066040039,1678.3133544921875
405.19769287109375,27.247220993041992,664.3800048828125,96.0,-0.061543386429548264,0.02099405787885189,23.0,0.9980140924453735,0.9980140924453735,0.9980140924453735,0.018846219405531883,0.00015449999773409218,0.2275286167860031,1940000.0,-0.003731322940438986,-0.008798264432698488,-0.23853681981563568,74.45431518554688,-1.3303146362304688,60.96038818359375,4075.539306640625,10.763923645019531,20.44267463684082,31.206626892089844,640.8895263671875
428.5973815917969,27.296674728393555,688.4000244140625,97.0,-0.07585851103067398,0.011044683866202831,40.0,0.9986955523490906,0.9986955523490906,0.9986955523490906,0.017190787941217422,0.00015300000086426735,0.22430184483528137,1960000.0,-0.006384070031344891,-0.0026527470909059048,0.002842571120709181,23.382741928100586,-51.07157325744629,68.74771118164062,4123.85546875,10.840062141418457,37.46085739135742,48.30095672607422,414.07049560546875
590.71533203125,26.771265029907227,831.1799926757812,98.0,-0.11231525987386703,0.010949811898171902,40.0,1.0010102987289429,1.0010102987289429,1.0010102987289429,0.01759915053844452,0.00015150000399444252,0.21627403795719147,1980000.0,-0.0067380620166659355,-0.0003539919853210449,-0.005684558767825365,19.36457061767578,-4.018171310424805,73.72917938232422,4169.958984375,10.711777687072754,35.37379837036133,46.08560562133789,433.9749755859375
547.7671508789062,26.90334701538086,785.5,99.0,-0.12454614788293839,0.022379111498594284,18.0,0.9993735551834106,0.9993735551834106,0.9993735551834106,0.018315495923161507,0.0001500000071246177,0.2136363983154297,2000000.0,-0.0038551015313714743,0.0028829604852944613,0.08102787286043167,46.99217224121094,27.627601623535156,72.59294128417969,4196.763671875,10.97515869140625,15.810142517089844,26.785329818725586,746.6773681640625
494.695556640625,27.018573760986328,735.3599853515625,100.0,-0.13067229092121124,0.020148731768131256,5.0,1.0001227855682373,1.0001227855682373,1.0001227855682373,0.01941307634115219,0.00014849999570287764,0.21233071386814117,2020000.0,-0.0006923917680978775,0.0031627097632735968,-0.02279050461947918,47.91755294799805,0.9253807067871094,74.38237762451172,4212.94873046875,10.753972053527832,5.412796497344971,16.166799545288086,1237.103271484375
400.834228515625,27.026124954223633,639.0800170898438,101.0,-0.1299458146095276,0.029366852715611458,1.0,0.9986915588378906,0.9986915588378906,0.9986915588378906,0.01462935283780098,0.00014699999883305281,0.2124849557876587,2040000.0,0.0017240714514628053,0.0024164632195606828,-0.011030297726392746,70.71404266357422,22.796489715576172,70.38764190673828,4224.66455078125,10.834090232849121,0.8701217174530029,11.704240798950195,1708.782470703125
326.32769775390625,27.19937515258789,568.0399780273438,102.0,-0.11688011884689331,0.013105880469083786,40.0,0.9975508451461792,0.9975508451461792,0.9975508451461792,0.017634674906730652,0.000145500001963228,0.215281680226326,2060000.0,-0.008668916299939156,-0.01039298775140196,-0.42445629835128784,25.491764068603516,-45.2222785949707,71.91971588134766,4270.8369140625,10.864564895629883,35.29837417602539,46.16297149658203,433.2476806640625
458.2421569824219,26.972585678100586,694.260009765625,103.0,-0.1138855591416359,0.03687091916799545,2.0,0.9990554451942444,0.9990554451942444,0.9990554451942444,0.02402198500931263,0.00014400000509340316,0.21592682600021362,2080000.0,0.004838224500417709,0.013507140800356865,-0.29844316840171814,76.11797332763672,50.6262092590332,73.52515411376953,4283.36767578125,10.74389362335205,1.767977237701416,12.511899948120117,1598.478271484375
271.56494140625,27.173521041870117,526.6599731445312,104.0,-0.11108274012804031,0.0345127135515213,2.0,0.998552143573761,0.998552143573761,0.998552143573761,0.021106507629156113,0.0001424999936716631,0.2165311574935913,2100000.0,0.0021182489581406116,-0.0027199755422770977,-0.06640087068080902,152.2156524658203,76.0976791381836,63.03260040283203,4296.24462890625,11.05697250366211,1.8099727630615234,12.866975784301758,1554.366943359375
348.83050537109375,26.60477066040039,589.52001953125,105.0,-0.10992702096700668,0.026959924027323723,6.0,0.999437689781189,0.999437689781189,0.999437689781189,0.017374187707901,0.00014099999680183828,0.21678192913532257,2120000.0,-0.0011352832661941648,-0.0032535322243347764,-0.061715755611658096,69.8828353881836,-82.33281707763672,72.05574035644531,4313.2900390625,11.57844352722168,5.456523895263672,17.03499984741211,1174.053466796875
335.7186584472656,26.75777816772461,574.739990234375,106.0,-0.10576357692480087,0.029600096866488457,34.0,0.9987481236457825,0.9987481236457825,0.9987481236457825,0.01752641424536705,0.00013949999993201345,0.2176862359046936,2140000.0,-0.006501765456050634,-0.00536648218985647,-0.1398591846227646,47.852848052978516,-22.029987335205078,67.74324035644531,4355.42041015625,11.012739181518555,31.10546875,42.11823654174805,474.85369873046875
364.9500732421875,27.591699600219727,611.5399780273438,107.0,-0.11083313077688217,0.020199298858642578,1.0,1.0014863014221191,1.0014863014221191,1.0014863014221191,0.018953170627355576,0.00013800000306218863,0.2165852040052414,2160000.0,0.00463594775646925,0.011137713212519884,0.0017026811838150024,75.1817626953125,27.328914642333984,71.38587188720703,4367.16748046875,10.826085090637207,0.9024748802185059,11.72858715057373,1705.2353515625
430.57293701171875,27.311052322387695,673.6400146484375,108.0,-0.1237347200512886,0.021927591413259506,33.0,0.9994660019874573,0.9994660019874573,0.9994660019874573,0.0183260440826416,0.0001365000061923638,0.21381251513957977,2180000.0,-0.005430128425359726,-0.010066076181828976,0.05730241537094116,44.83191680908203,-30.34984588623047,72.7081298828125,4408.87060546875,10.876708984375,30.816335678100586,41.69306945800781,479.6960144042969
410.2738342285156,27.080446243286133,651.1400146484375,109.0,-0.1280757337808609,0.024356134235858917,2.0,0.9982359409332275,0.9982359409332275,0.9982359409332275,0.018585121259093285,0.00013499999477062374,0.2128831148147583,2200000.0,0.001776532968506217,0.007206661393865943,0.15786254405975342,86.07221221923828,41.24029541015625,72.73164367675781,4421.7822265625,11.031134605407715,1.8633882999420166,12.894554138183594,1551.04248046875
555.462890625,27.075664520263672,787.9199829101562,110.0,-0.12718352675437927,0.022678211331367493,1.0,1.0013102293014526,1.0013102293014526,1.0013102293014526,0.014636253006756306,0.00013349999790079892,0.21307270228862762,2220000.0,0.004925094544887543,0.0031485615763813257,-0.09102798253297806,29.317638397216797,-56.754573822021484,77.3952407836914,4433.71240234375,10.874597549438477,1.044398546218872,11.919028282165527,1677.9891357421875
580.9080810546875,27.288131713867188,811.6799926757812,111.0,-0.15422584116458893,0.026165949180722237,39.0,1.0002292394638062,1.0002292394638062,1.0002292394638062,0.016202274709939957,0.0001320000010309741,0.20739638805389404,2240000.0,-0.005622939206659794,-0.010548033751547337,-0.016322841867804527,30.240901947021484,0.9232635498046875,76.17668914794922,4482.67919921875,10.910762786865234,38.04573059082031,48.956520080566406,408.5257873535156
471.03338623046875,27.5246639251709,712.0999755859375,112.0,-0.17413687705993652,0.10126273334026337,3.0,1.0011780261993408,1.0011780261993408,1.0011780261993408,0.022048920392990112,0.00013050000416114926,0.20330025255680084,2260000.0,0.0015948867658153176,0.0072178259724751115,0.04437335953116417,96.53104400634766,66.29014205932617,73.31634521484375,4496.169921875,10.772624969482422,2.700848340988159,13.473506927490234,1484.3946533203125
287.6761474609375,27.432645797729492,540.9600219726562,113.0,-0.17771762609481812,0.024233004078269005,2.0,1.0009992122650146,1.0009992122650146,1.0009992122650146,0.01663535088300705,0.0001289999927394092,0.20257282257080078,2280000.0,0.0012403468135744333,-0.0003545399522408843,0.09526292979717255,126.17422485351562,29.64318084716797,68.41629028320312,4508.74609375,10.821212768554688,1.7417988777160645,12.563040733337402,1591.9713134765625
461.9881591796875,27.637012481689453,710.47998046875,114.0,-0.18336769938468933,0.031681012362241745,3.0,1.0000534057617188,1.0000534057617188,1.0000534057617188,0.015216851606965065,0.00012749999586958438,0.20143255591392517,2300000.0,-0.00024250343267340213,-0.0014828502462478355,0.06848607957363129,47.093814849853516,-79.08041000366211,76.06966400146484,4522.173828125,10.804954528808594,2.6119418144226074,13.416925430297852,1490.654541015625
421.78375244140625,27.590984344482422,663.7999877929688,115.0,-0.18889065086841583,0.011274397373199463,40.0,0.9975475668907166,0.9975475668907166,0.9975475668907166,0.018645135685801506,0.00012599999899975955,0.20032231509685516,2320000.0,-0.006025442387908697,-0.005782938955235295,-0.005015142261981964,55.12543487548828,8.031620025634766,70.35429382324219,4567.61279296875,10.756611824035645,34.672401428222656,45.42904281616211,440.24700927734375
427.64971923828125,27.3258113861084,667.0399780273438,116.0,-0.19308564066886902,0.012848005630075932,40.0,0.9991267919540405,0.9991267919540405,0.9991267919540405,0.017421234399080276,0.00012450000212993473,0.19948527216911316,2340000.0,-0.008032059296965599,-0.002006616909056902,-0.017941979691386223,37.58368682861328,-17.541748046875,71.80853271484375,4613.19287109375,10.841981887817383,34.71965408325195,45.56166458129883,438.96551513671875
443.5933532714844,26.907690048217773,678.5399780273438,117.0,-0.2082681506872177,0.02321440353989601,19.0,0.9992641806602478,0.9992641806602478,0.9992641806602478,0.018613960593938828,0.0001230000052601099,0.19648128747940063,2360000.0,-0.0037617709022015333,0.004270288394764066,0.10938309133052826,40.975643157958984,3.391956329345703,78.12781524658203,4640.5712890625,10.891348838806152,16.46946144104004,27.360837936401367,730.9717407226562
401.1414489746094,27.417827606201172,647.3599853515625,118.0,-0.21624435484409332,0.035214319825172424,9.0,0.9998582005500793,0.9998582005500793,0.9998582005500793,0.02057727426290512,0.00012150000111432746,0.19491682946681976,2380000.0,-0.0009159765322692692,0.002845794369932264,-0.30224609375,78.82518005371094,37.84953689575195,70.06290435791016,4659.3232421875,10.882722854614258,7.855737686157227,18.73849105834961,1067.32177734375
321.3560791015625,27.49036407470703,577.719970703125,119.0,-0.21976006031036377,0.027302611619234085,6.0,0.9991574287414551,0.9991574287414551,0.9991574287414551,0.015844544395804405,0.00011999999696854502,0.1942327469587326,2400000.0,-0.00028194443439133465,0.0006340320978779346,0.0035061687231063843,91.23262786865234,12.407447814941406,69.39022827148438,4675.71044921875,11.16191577911377,5.213356018066406,16.375301361083984,1221.3515625
392.66864013671875,26.82665252685547,634.3599853515625,120.0,-0.2275961935520172,0.029938384890556335,10.0,0.9990982413291931,0.9990982413291931,0.9990982413291931,0.01750211976468563,0.00011850000009872019,0.19271792471408844,2420000.0,-0.00233031390234828,-0.0020483694679569453,0.22258345782756805,36.691043853759766,-54.54158401489258,77.02914428710938,4697.4892578125,10.91048812866211,10.856602668762207,21.76712417602539,918.81689453125
413.9985046386719,27.20296859741211,653.3800048828125,121.0,-0.2324056327342987,0.008266809396445751,40.0,1.0011751651763916,1.0011751651763916,1.0011751651763916,0.020849958062171936,0.00011700000322889537,0.19179213047027588,2440000.0,-0.003760636318475008,-0.001430322416126728,0.07526000589132309,55.07963943481445,18.388595581054688,71.15640258789062,4745.73681640625,10.759456634521484,37.47572326660156,48.23521041870117,414.6348571777344
403.9541015625,26.94655990600586,636.7999877929688,122.0,-0.23475126922130585,0.017698712646961212,40.0,0.9985092878341675,0.9985092878341675,0.9985092878341675,0.017734449356794357,0.00011549999908311293,0.19134359061717987,2460000.0,-0.008401674218475819,-0.004641037900000811,0.11730632185935974,39.39202117919922,-15.687618255615234,74.39855194091797,4791.47412109375,10.892475128173828,34.82723617553711,45.71974182128906,437.4477844238281
413.3789367675781,26.638504028320312,644.1199951171875,123.0,-0.23869164288043976,0.009293289855122566,40.0,0.998923122882843,0.998923122882843,0.998923122882843,0.01709951087832451,0.0001140000022132881,0.19059135019779205,2480000.0,-0.0068958355113863945,0.0015058387070894241,0.20685921609401703,42.90165328979492,3.509632110595703,76.84427642822266,4836.87744140625,10.739389419555664,34.646446228027344,45.3858642578125,440.66583251953125
467.5327453613281,27.150402069091797,701.52001953125,124.0,-0.23512570559978485,0.020767245441675186,16.0,1.000096321105957,1.000096321105957,1.000096321105957,0.017474334686994553,0.00011249999806750566,0.19127257168293,2500000.0,-0.0045204684138298035,0.002375367097556591,-0.13772523403167725,49.52317428588867,6.62152099609375,73.71129608154297,4861.7734375,11.04031753540039,13.837730407714844,24.87807846069336,803.920654296875
430.4708557128906,27.552282333374023,668.8800048828125,125.0,-0.23508740961551666,0.02310221642255783,1.0,0.9995211958885193,0.9995211958885193,0.9995211958885193,0.016429539769887924,0.00011100000119768083,0.19127848744392395,2520000.0,0.003869005711749196,0.008389474125579,-0.4877234101295471,77.67142486572266,28.148250579833984,72.48945617675781,4873.5439453125,10.886106491088867,0.871135950088501,11.757271766662598,1701.074951171875
316.5894470214844,27.596284866333008,568.6799926757812,126.0,-0.22765451669692993,0.013356707990169525,40.0,0.9998445510864258,0.9998445510864258,0.9998445510864258,0.019257210195064545,0.00010949999705189839,0.1927061229944229,2540000.0,-0.00799581129103899,-0.011864817002788186,0.022079316899180412,91.47784423828125,13.806419372558594,65.49365234375,4919.09375,10.910009384155273,34.63066101074219,45.54070281982422,439.1675720214844
358.9435119628906,27.413284301757812,601.4199829101562,127.0,-0.2401631623506546,0.013972107321023941,40.0,0.9978294968605042,0.9978294968605042,0.9978294968605042,0.017836689949035645,0.00010800000018207356,0.19031184911727905,2560000.0,-0.00857466459274292,-0.0005788533017039299,-0.21050047874450684,46.128623962402344,-45.349220275878906,71.72852325439453,4964.63720703125,10.906668663024902,34.61887741088867,45.52557373046875,439.3135070800781
405.4325866699219,26.44378662109375,628.9400024414062,128.0,-0.25403526425361633,0.022085968405008316,7.0,0.9996543526649475,0.9996543526649475,0.9996543526649475,0.016835477203130722,0.00010650000331224874,0.18768955767154694,2580000.0,-0.0030134657863527536,0.005561198806390166,-0.27330222725868225,50.426387786865234,4.297763824462891,75.39451599121094,4981.61328125,10.895784378051758,6.062530517578125,16.958345413208008,1179.3603515625
349.9677734375,26.860549926757812,591.5800170898438,129.0,-0.26312270760536194,0.020668447017669678,5.0,1.0009191036224365,1.0009191036224365,1.0009191036224365,0.01740286685526371,0.0001049999991664663,0.18599049746990204,2600000.0,0.0004952684976160526,0.0035087342839688063,0.06112363934516907,80.563720703125,30.137332916259766,69.55549621582031,4996.87060546875,10.908609390258789,4.337209224700928,15.245847702026367,1311.8326416015625
416.92718505859375,26.730558395385742,650.0399780273438,130.0,-0.28117111325263977,0.009748515672981739,40.0,1.000546932220459,1.000546932220459,1.000546932220459,0.017379330471158028,0.00010350000229664147,0.18266868591308594,2620000.0,-0.007142897695302963,-0.007638166192919016,-0.23627173900604248,35.10487365722656,-45.45884704589844,77.46793365478516,5042.44091796875,10.884956359863281,34.6751823425293,45.5601692199707,438.97991943359375
481.6456298828125,26.9083251953125,710.9400024414062,131.0,-0.2920893728733063,0.02597680129110813,2.0,0.9995040893554688,0.9995040893554688,0.9995040893554688,0.024515539407730103,0.00010199999815085903,0.1806800216436386,2640000.0,0.0024698027409613132,0.009612700436264277,-0.4990842938423157,68.66858673095703,33.56371307373047,75.3028564453125,5055.12255859375,10.925180435180664,1.7386138439178467,12.663825035095215,1579.3017578125
427.1673583984375,26.78183364868164,653.1799926757812,132.0,-0.29169008135795593,0.026975957676768303,27.0,0.9994108080863953,0.9994108080863953,0.9994108080863953,0.016513267531991005,0.0001005000012810342,0.18075227737426758,2660000.0,-0.005762108601629734,-0.008231911342591047,-0.022839736193418503,43.99520492553711,-24.673381805419922,75.11073303222656,5089.5087890625,10.928232192993164,23.448165893554688,34.376426696777344,581.7940673828125
426.0344543457031,26.417495727539062,645.0999755859375,133.0,-0.2883431613445282,0.021259205415844917,10.0,0.9997308850288391,0.9997308850288391,0.9997308850288391,0.016077328473329544,9.899999713525176e-05,0.181358203291893,2680000.0,-0.004857013467699289,0.0009050951339304447,-0.311210036277771,76.7409896850586,32.745784759521484,75.41817474365234,5109.25634765625,10.903343200683594,8.829092025756836,19.732467651367188,1013.5580444335938
469.941162109375,26.786212921142578,699.0,134.0,-0.28615158796310425,0.023267803713679314,37.0,0.9982720017433167,0.9982720017433167,0.9982720017433167,0.01672232151031494,9.750000026542693e-05,0.18175677955150604,2700000.0,-0.005985278636217117,-0.001128265168517828,0.07345613092184067,37.53649139404297,-39.204498291015625,76.5186996459961,5152.634765625,11.004218101501465,32.362159729003906,43.366416931152344,461.1863708496094
410.1250305175781,26.497957229614258,630.5800170898438,135.0,-0.2671205699443817,0.014749429188668728,40.0,0.9977890253067017,0.9977890253067017,0.9977890253067017,0.016593853011727333,9.600000339560211e-05,0.18525509536266327,2720000.0,-0.008022446185350418,-0.0020371675491333008,-0.060338977724313736,40.37215042114258,2.8356590270996094,75.2159423828125,5199.4560546875,11.014967918395996,35.789066314697266,46.80406951904297,427.3132629394531
471.3228454589844,26.362760543823242,683.1799926757812,136.0,-0.25800445675849915,0.02370416931807995,1.0,0.9993346333503723,0.9993346333503723,0.9993346333503723,0.022004686295986176,9.449999924981967e-05,0.1869446337223053,2740000.0,0.003970437217503786,0.011992883402854204,0.4870946407318115,83.88751983642578,43.5153694152832,79.17530059814453,5212.11767578125,11.701849937438965,0.9409937858581543,12.642874717712402,1581.918701171875
404.10821533203125,27.052867889404297,631.8800048828125,137.0,-0.26340100169181824,0.020409494638442993,27.0,0.9994939565658569,0.9994939565658569,0.9994939565658569,0.014480640180408955,9.300000237999484e-05,0.1859387904405594,2760000.0,-0.004381443839520216,-0.008351881057024002,0.15194571018218994,74.57958221435547,-9.307937622070312,72.04196166992188,5247.56689453125,11.350240707397461,24.088359832763672,35.438629150390625,564.3558959960938
426.6968994140625,27.057851791381836,652.5800170898438,138.0,-0.2805331349372864,0.008749036118388176,40.0,1.000422477722168,1.000422477722168,1.000422477722168,0.015316884964704514,9.14999982342124e-05,0.18278779089450836,2780000.0,-0.008399253711104393,-0.004017809871584177,-0.04870042949914932,35.97381591796875,-38.60576629638672,79.54205322265625,5296.32275390625,10.971772193908691,37.768516540527344,48.740325927734375,410.3378601074219
438.7019958496094,26.669755935668945,655.219970703125,139.0,-0.29265034198760986,0.01275175902992487,40.0,0.9997139573097229,0.9997139573097229,0.9997139573097229,0.0160684734582901,9.000000136438757e-05,0.18057920038700104,2800000.0,-0.00804944522678852,0.0003498084843158722,0.07311111688613892,61.56085205078125,25.5870361328125,74.41397857666016,5343.4990234375,11.036515235900879,36.119441986083984,47.15598678588867,424.1242980957031
467.8437194824219,26.28433609008789,680.2999877929688,140.0,-0.29744791984558105,0.010194966569542885,40.0,0.9994139075279236,0.9994139075279236,0.9994139075279236,0.015248212032020092,8.849999721860513e-05,0.17971497774124146,2820000.0,-0.006760834250599146,0.001288610976189375,-0.024023553356528282,47.26944351196289,-14.29140853881836,78.53604125976562,5389.3359375,10.981077194213867,34.83774185180664,45.818851470947266,436.5015869140625
475.64910888671875,26.521991729736328,688.5399780273438,141.0,-0.3063569962978363,0.0395081527531147,3.0,0.9997872710227966,0.9997872710227966,0.9997872710227966,0.019755303859710693,8.70000003487803e-05,0.17812085151672363,2840000.0,-0.00045218749437481165,0.006308646756224334,0.07087530195713043,82.69965362548828,35.43021011352539,78.3121337890625,5402.8525390625,10.890663146972656,2.6080846786499023,13.498779296875,1481.615478515625
447.1766357421875,26.72616958618164,667.4600219726562,142.0,-0.3156936466693878,0.009565053507685661,40.0,0.9992404580116272,0.9992404580116272,0.9992404580116272,0.015509054996073246,8.550000347895548e-05,0.17646729946136475,2860000.0,-0.008854829706251621,-0.00840264221187681,0.087397500872612,41.666961669921875,-41.032691955566406,78.42012023925781,5448.431640625,10.884629249572754,34.68361282348633,45.568275451660156,438.90185546875
486.4891052246094,26.442781448364258,698.7000122070312,143.0,-0.3246570825576782,0.021905571222305298,4.0,0.9998844861984253,0.9998844861984253,0.9998844861984253,0.014733955264091492,8.399999933317304e-05,0.17489047348499298,2880000.0,-0.0010683706495910883,0.007786459056660533,-0.1946791559457779,64.3593521118164,22.69239044189453,79.79281616210938,5462.7685546875,10.847956657409668,3.4707581996917725,14.318744659423828,1396.7705078125
442.705810546875,27.160985946655273,667.2000122070312,144.0,-0.32932549715042114,0.02432474121451378,17.0,1.0003620386123657,1.0003620386123657,1.0003620386123657,0.01728505641222,8.250000246334821e-05,0.17407692968845367,2900000.0,-0.005735662765800953,-0.004667292116209865,-0.11536288261413574,68.83695220947266,4.47760009765625,74.56289672851562,5488.3896484375,10.867450714111328,14.742666244506836,25.61014747619629,780.9404907226562
434.7071228027344,27.152135848999023,661.5,145.0,-0.3247714638710022,0.011409136466681957,40.0,0.9998694062232971,0.9998694062232971,0.9998694062232971,0.017300333827733994,8.099999831756577e-05,0.1748713254928589,2920000.0,-0.008737330324947834,-0.003001667559146881,0.11643336713314056,61.62133026123047,-7.2156219482421875,73.8578872680664,5533.90283203125,10.851719856262207,34.64812088012695,45.4998664855957,439.5617370605469
399.3345947265625,27.072629928588867,628.260009765625,146.0,-0.33862751722335815,0.022562943398952484,14.0,0.999264121055603,0.999264121055603,0.999264121055603,0.014668314717710018,7.950000144774094e-05,0.172466441988945,2940000.0,-0.004727709107100964,0.00400962121784687,0.088455431163311,69.92279815673828,8.301467895507812,74.99476623535156,5556.9482421875,10.893577575683594,12.133844375610352,23.02745246887207,868.528564453125
403.8868103027344,26.871007919311523,625.7999877929688,147.0,-0.34647512435913086,0.01601541042327881,40.0,0.9995434880256653,0.9995434880256653,0.9995434880256653,0.015227260068058968,7.79999973019585e-05,0.17111623287200928,2960000.0,-0.006669500842690468,-0.0019417917355895042,-0.2705691158771515,55.18852996826172,-14.734268188476562,75.35975646972656,5602.5146484375,10.883227348327637,34.67021942138672,45.5534782409668,439.04443359375
424.23223876953125,26.743940353393555,646.0800170898438,148.0,-0.356823205947876,0.021396439522504807,13.0,0.9995896816253662,0.9995896816253662,0.9995896816253662,0.015335537493228912,7.650000043213367e-05,0.16935531795024872,2980000.0,-0.005023301113396883,0.0016461997292935848,-0.03031519427895546,79.35472869873047,24.16619873046875,76.01837158203125,5625.2392578125,11.389387130737305,11.317195892333984,22.706613540649414,880.8007202148438
372.03363037109375,26.794355392456055,604.739990234375,149.0,-0.36191102862358093,0.022135665640234947,23.0,0.9998843669891357,0.9998843669891357,0.9998843669891357,0.016086122021079063,7.500000356230885e-05,0.16849498450756073,3000000.0,-0.005176713224500418,-0.0001534121111035347,-0.17187796533107758,68.21791076660156,-11.136817932128906,67.34812927246094,5656.0849609375,10.909468650817871,19.923601150512695,30.83310317993164,648.6535034179688
366.8721618652344,26.77678680419922,599.280029296875,150.0,-0.355393648147583,0.00943556148558855,40.0,0.9992114305496216,0.9992114305496216,0.9992114305496216,0.016578076407313347,7.349999941652641e-05,0.16959719359874725,3020000.0,-0.006382752675563097,-0.0012060394510626793,0.08254222571849823,67.95960998535156,-0.25830078125,70.17704010009766,5701.685546875,10.903692245483398,34.68195724487305,45.58567810058594,438.7342834472656
397.9388427734375,26.784339904785156,623.1799926757812,151.0,-0.36554837226867676,0.023505941033363342,12.0,1.0004054307937622,1.0004054307937622,1.0004054307937622,0.01559433713555336,7.200000254670158e-05,0.1678837090730667,3040000.0,-0.004472781904041767,0.0019099707715213299,0.017554519698023796,66.43177032470703,-1.5278396606445312,73.98745727539062,5723.0,10.89718246459961,10.398872375488281,21.296085357666016,939.1397705078125
378.3106994628906,26.567777633666992,595.9199829101562,152.0,-0.3700481951236725,0.02135603316128254,4.0,0.9985988140106201,0.9985988140106201,0.9985988140106201,0.0164667796343565,7.049999840091914e-05,0.1671294867992401,3060000.0,-0.0011556942481547594,0.0033170876558870077,0.008078068494796753,88.5131607055664,22.081390380859375,71.75588989257812,5737.3818359375,10.885292053222656,3.484351873397827,14.369671821594238,1391.8203125
360.8390197753906,26.723037719726562,576.8200073242188,153.0,-0.3695164620876312,0.010500431060791016,40.0,0.9974861145019531,0.9974861145019531,0.9974861145019531,0.015477543696761131,6.900000153109431e-05,0.1672183871269226,3080000.0,-0.008395561948418617,-0.007239867700263858,-0.11249648034572601,53.85696792602539,-34.656192779541016,76.55327606201172,5782.9765625,10.894161224365234,34.68934631347656,45.583534240722656,438.7549133300781
353.5843811035156,26.779645919799805,577.260009765625,154.0,-0.3662150800228119,0.008541326969861984,40.0,0.9976838827133179,0.9976838827133179,0.9976838827133179,0.014665529131889343,6.749999738531187e-05,0.16777147352695465,3100000.0,-0.007950163446366787,0.0004453985020518303,0.07525400817394257,62.48740005493164,8.63043212890625,68.58822631835938,5828.66943359375,10.914681434631348,34.760128021240234,45.67483901977539,437.8778381347656
380.6201171875,26.640851974487305,605.0599975585938,155.0,-0.36596933007240295,0.007641779258847237,40.0,0.9998636841773987,0.9998636841773987,0.9998636841773987,0.01408365461975336,6.600000051548705e-05,0.16781263053417206,3120000.0,-0.008254877291619778,-0.0003047138452529907,0.09621436148881912,58.92594528198242,-3.5614547729492188,73.84310913085938,5874.29052734375,10.9105224609375,34.69239807128906,45.60295486450195,438.5680847167969
367.93975830078125,26.404991149902344,584.47998046875,156.0,-0.3816600441932678,0.011110042221844196,40.0,1.0002323389053345,1.0002323389053345,1.0002323389053345,0.016199864447116852,6.44999963697046e-05,0.16520649194717407,3140000.0,-0.008404501713812351,-0.00014962442219257355,0.05391748994588852,39.47291946411133,-19.453025817871094,76.00812530517578,5919.9521484375,10.925085067749023,34.71819305419922,45.643310546875,438.1802978515625
392.1864013671875,26.211444854736328,606.0,157.0,-0.3986469805240631,0.006406967993825674,40.0,0.9994001984596252,0.9994001984596252,0.9994001984596252,0.01536738034337759,6.299999949987978e-05,0.16241760551929474,3160000.0,-0.006582953035831451,0.0018215486779808998,0.09315596520900726,64.40220642089844,24.92928695678711,75.09535217285156,5965.77099609375,10.916419982910156,34.88397979736328,45.80043029785156,436.6770935058594
439.8603515625,26.30425453186035,652.4199829101562,158.0,-0.4320237636566162,0.010760992765426636,40.0,0.9992291927337646,0.9992291927337646,0.9992291927337646,0.014494877308607101,6.150000263005495e-05,0.157101109623909,3180000.0,-0.007498841732740402,-0.0009158886969089508,-0.25376442074775696,44.2651252746582,-20.137081146240234,77.23538970947266,6012.39306640625,11.072663307189941,35.5317268371582,46.60441970825195,429.1438293457031
450.82073974609375,26.651758193969727,668.0999755859375,159.0,-0.45534512400627136,0.00782997626811266,40.0,1.000210165977478,1.000210165977478,1.000210165977478,0.01427460741251707,5.999999848427251e-05,0.15346629917621613,3200000.0,-0.006941179744899273,0.0005576619878411293,0.06177052855491638,44.79755783081055,0.5324325561523438,75.63262176513672,6059.93798828125,11.479635238647461,36.04686737060547,47.52653121948242,420.81756591796875
432.689208984375,26.963483810424805,656.1599731445312,160.0,-0.46778756380081177,0.008743069134652615,40.0,0.9998512268066406,0.9998512268066406,0.9998512268066406,0.01517577189952135,5.850000161444768e-05,0.1515681892633438,3220000.0,-0.008855694904923439,-0.001914515160024166,0.10021056234836578,43.45903015136719,-1.3385276794433594,75.31177520751953,6107.69189453125,11.649531364440918,36.08618927001953,47.73575973510742,418.97314453125
476.3256530761719,26.630502700805664,694.780029296875,161.0,-0.4838477075099945,0.01300093811005354,40.0,0.9991168975830078,0.9991168975830078,0.9991168975830078,0.015190943144261837,5.700000110664405e-05,0.149155393242836,3240000.0,-0.007094660308212042,0.0017610345967113972,0.2231510877609253,38.12213134765625,-5.3368988037109375,78.255859375,6155.11328125,11.48733139038086,35.91504669189453,47.402408599853516,421.91949462890625
468.6445007324219,26.36278533935547,682.6400146484375,162.0,-0.5030521750450134,0.007394496817141771,40.0,1.0005953311920166,1.0005953311920166,1.0005953311920166,0.014350242912769318,5.5500000598840415e-05,0.14631716907024384,3260000.0,-0.006786271929740906,0.0003083883784711361,-0.009569468908011913,51.28076171875,13.15863037109375,77.94318389892578,6202.0478515625,11.029327392578125,35.88592529296875,46.915279388427734,426.30035400390625
451.6430969238281,26.606618881225586,668.3599853515625,163.0,-0.5105748176574707,0.007221444044262171,40.0,1.0003026723861694,1.0003026723861694,1.0003026723861694,0.014542992226779461,5.400000009103678e-05,0.14521892368793488,3280000.0,-0.00699117686599493,-0.0002049049362540245,0.020450394600629807,60.40070724487305,9.119945526123047,72.6814193725586,6248.5283203125,11.120865821838379,35.34213638305664,46.46303176879883,430.4497375488281
467.7188720703125,26.983476638793945,687.2999877929688,164.0,-0.5500429272651672,0.012503628619015217,40.0,0.9995131492614746,0.9995131492614746,0.9995131492614746,0.014458037912845612,5.249999958323315e-05,0.13962194323539734,3300000.0,-0.007409455254673958,-0.00041827838867902756,0.0561051219701767,31.25168800354004,-29.149019241333008,79.9397201538086,6294.64013671875,11.313770294189453,34.780731201171875,46.09453201293945,433.89093017578125
464.5858459472656,26.932126998901367,686.6199951171875,165.0,-0.5655853152275085,0.008764402009546757,40.0,0.9995933771133423,0.9995933771133423,0.9995933771133423,0.014218735508620739,5.0999999075429514e-05,0.1374470591545105,3320000.0,-0.00908932089805603,-0.0016798656433820724,-0.060127224773168564,48.21937942504883,16.96769142150879,74.8864517211914,6340.48779296875,10.910813331604004,34.9195556640625,45.83039855957031,436.3916015625
430.59796142578125,26.924997329711914,653.3599853515625,166.0,-0.5850545763969421,0.01196849625557661,40.0,1.0000282526016235,1.0000282526016235,1.0000282526016235,0.016217384487390518,4.949999856762588e-05,0.13480573892593384,3340000.0,-0.0071659088134765625,0.0019234120845794678,-0.1571481078863144,31.998214721679688,-16.22116470336914,77.83330535888672,6386.0029296875,10.879973411560059,34.617252349853516,45.49725341796875,439.58697509765625
394.9461669921875,26.62366485595703,615.2999877929688,167.0,-0.5969492793083191,0.007824397645890713,40.0,0.9979754090309143,0.9979754090309143,0.9979754090309143,0.014202225022017956,4.8000001697801054e-05,0.13320259749889374,3360000.0,-0.00775485672056675,-0.0005889479070901871,0.1882847547531128,48.464500427246094,16.466285705566406,76.6946029663086,6431.52685546875,10.903297424316406,34.60273361206055,45.50606155395508,439.50189208984375
418.1143798828125,26.292770385742188,634.760009765625,168.0,-0.5937433838844299,0.024630330502986908,5.0,1.0001249313354492,1.0001249313354492,1.0001249313354492,0.015725981444120407,4.650000118999742e-05,0.13362982869148254,3380000.0,-0.0028076455928385258,0.004947211127728224,0.1321631819009781,47.840858459472656,-0.6236419677734375,81.17237091064453,6446.78173828125,10.911373138427734,4.325896263122559,15.237298011779785,1312.5687255859375
495.0343017578125,26.097909927368164,701.1599731445312,169.0,-0.6017464399337769,0.010904873721301556,40.0,0.997723400592804,0.997723400592804,0.997723400592804,0.014544392004609108,4.5000000682193786e-05,0.13256551325321198,3400000.0,-0.007832392118871212,-0.005024746526032686,0.14888304471969604,29.33946990966797,-18.501388549804688,79.54161071777344,6492.30712890625,10.88854694366455,34.6263313293457,45.51490783691406,439.41644287109375
420.828369140625,26.503206253051758,636.3200073242188,170.0,-0.6081463098526001,0.024661565199494362,33.0,0.9995160102844238,0.9995160102844238,0.9995160102844238,0.015083404257893562,4.350000017439015e-05,0.1317189633846283,3420000.0,-0.00755522632971406,0.0002771657891571522,-0.002300658728927374,59.891300201416016,30.551830291748047,76.64411163330078,6531.81640625,10.915824890136719,28.575380325317383,39.491241455078125,506.4414367675781
475.7754821777344,26.541786193847656,696.760009765625,171.0,-0.6292926669120789,0.01167071983218193,40.0,0.9996219873428345,0.9996219873428345,0.9996219873428345,0.015025860629975796,4.199999966658652e-05,0.1289697140455246,3440000.0,-0.005629881285130978,0.0019253450445830822,-0.11285968124866486,36.27093505859375,-23.620365142822266,78.82823181152344,6577.42724609375,10.90627670288086,34.68839645385742,45.594703674316406,438.6474609375
490.6477355957031,26.754810333251953,712.260009765625,172.0,-0.6451632976531982,0.020754417404532433,21.0,0.999291181564331,0.999291181564331,0.999291181564331,0.015250008553266525,4.0499999158782884e-05,0.12693233788013458,3460000.0,-0.006469340063631535,-0.000839458778500557,-0.26661548018455505,39.85884475708008,3.587909698486328,75.8828353881836,6606.5009765625,10.874852180480957,18.18106460571289,29.05594825744629,688.3272094726562
470.663818359375,26.508127212524414,685.5399780273438,173.0,-0.6379936337471008,0.00817033089697361,40.0,0.9994122982025146,0.9994122982025146,0.9994122982025146,0.014080340974032879,3.899999865097925e-05,0.1278466433286667,3480000.0,-0.009466324001550674,-0.00299698393791914,0.05402197688817978,32.94135665893555,-6.917488098144531,77.89031219482422,6651.97998046875,10.898411750793457,34.5671501159668,45.46559143066406,439.8930969238281
376.1103820800781,26.43624496459961,595.4199829101562,174.0,-0.6256839632987976,0.008845492266118526,40.0,0.997650146484375,0.997650146484375,0.997650146484375,0.020746035501360893,3.7500001781154424e-05,0.12942996621131897,3500000.0,-0.008390153758227825,0.0010761702433228493,-0.07909518480300903,53.943302154541016,21.00194549560547,74.40906524658203,6697.4501953125,10.886305809020996,34.565338134765625,45.4516716003418,440.02783203125
446.7091369628906,26.721586227416992,665.3599853515625,175.0,-0.6362079977989197,0.008641386404633522,40.0,1.0004194974899292,1.0004194974899292,1.0004194974899292,0.014356700703501701,3.600000127335079e-05,0.12807881832122803,3520000.0,-0.008578471839427948,-0.00018831808120012283,-0.04989628493785858,21.06167221069336,-32.881629943847656,81.50216674804688,6743.080078125,10.875925064086914,34.73645782470703,45.6124153137207,438.47711181640625
559.3208618164062,26.79857635498047,773.4400024414062,176.0,-0.653975248336792,0.007683534175157547,40.0,0.9984180927276611,0.9984180927276611,0.9984180927276611,0.014677563682198524,3.4500000765547156e-05,0.12581969797611237,3540000.0,-0.008087717927992344,0.0004907539114356041,0.05470582842826843,30.961469650268555,9.899797439575195,78.24946594238281,6788.58447265625,10.878083229064941,34.60620880126953,45.48432159423828,439.71197509765625
539.8603515625,27.082563400268555,758.6599731445312,177.0,-0.6671516299247742,0.007240581326186657,40.0,0.998423159122467,0.998423159122467,0.998423159122467,0.014355044811964035,3.300000025774352e-05,0.12417220324277878,3560000.0,-0.009330066852271557,-0.001242348924279213,0.017091291025280952,43.97092819213867,13.009458541870117,77.45547485351562,6834.19189453125,10.900676727294922,34.689125061035156,45.58982849121094,438.6943359375
553.4885864257812,26.779399871826172,772.260009765625,178.0,-0.686363160610199,0.008617707528173923,40.0,0.9998695254325867,0.9998695254325867,0.9998695254325867,0.012589805759489536,3.149999974993989e-05,0.12181109935045242,3580000.0,-0.007215617690235376,0.0021144491620361805,0.07912492752075195,30.972278594970703,-12.998649597167969,81.1823959350586,6880.689453125,10.90989875793457,35.5698127746582,46.479740142822266,430.29498291015625
611.0183715820312,26.529817581176758,822.7000122070312,179.0,-0.7058555483818054,0.006264264229685068,40.0,0.9998647570610046,0.9998647570610046,0.9998647570610046,0.01213204488158226,2.9999999242136255e-05,0.11946127563714981,3600000.0,-0.00787375308573246,-0.0006581353954970837,0.11073144525289536,23.934812545776367,-7.037466049194336,82.81219482421875,6926.66015625,10.889684677124023,35.06288528442383,45.95260238647461,435.2310791015625
603.4581298828125,26.433347702026367,810.760009765625,180.0,-0.7194342017173767,0.00936084520071745,40.0,0.9995783567428589,0.9995783567428589,0.9995783567428589,0.016536060720682144,2.8500000553322025e-05,0.11784663051366806,3620000.0,-0.008157004602253437,-0.000283251516520977,-0.02730575017631054,22.72504234313965,-1.2097702026367188,82.59235382080078,6973.69140625,11.185919761657715,35.82749938964844,47.013450622558594,425.4101867675781
479.0113220214844,26.748254776000977,695.9600219726562,181.0,-0.7193964719772339,0.005589483771473169,40.0,1.000213861465454,1.000213861465454,1.000213861465454,0.012284787371754646,2.700000004551839e-05,0.11785130202770233,3640000.0,-0.007116895634680986,0.0010401089675724506,-0.29634422063827515,46.459415435791016,23.734373092651367,77.44479370117188,7021.50537109375,11.215643882751465,36.57960510253906,47.7952766418457,418.4513854980469
459.08819580078125,26.608930587768555,677.6599731445312,182.0,-0.7122074365615845,0.006352433934807777,40.0,0.9990045428276062,0.9990045428276062,0.9990045428276062,0.012456273660063744,2.5499999537714757e-05,0.11870134621858597,3660000.0,-0.008129254914820194,-0.0010123592801392078,0.17168280482292175,42.57826614379883,-3.8811492919921875,79.93217468261719,7068.43115234375,11.080348014831543,35.827022552490234,46.90740203857422,426.3719482421875
440.6336669921875,26.226093292236328,656.1400146484375,183.0,-0.7059780955314636,0.005263303406536579,40.0,0.9993225932121277,0.9993225932121277,0.9993225932121277,0.01241347286850214,2.4000000848900527e-05,0.11944330483675003,3680000.0,-0.007368830498307943,0.0007604244165122509,-0.32077860832214355,29.613792419433594,-12.964473724365234,79.3842544555664,7114.7099609375,11.28807258605957,34.97273635864258,46.260841369628906,432.3310852050781
477.2031555175781,25.90963363647461,682.260009765625,184.0,-0.7015613317489624,0.006405956111848354,40.0,1.000320315361023,1.000320315361023,1.000320315361023,0.013192648999392986,2.2500000341096893e-05,0.11997164785861969,3700000.0,-0.008676305413246155,-0.0013074749149382114,-0.04442103952169418,33.80693054199219,4.193138122558594,81.54389953613281,7161.23486328125,11.007575035095215,35.49942398071289,46.50702667236328,430.0425720214844
492.884765625,26.054214477539062,695.0800170898438,185.0,-0.7134445905685425,0.005549574736505747,40.0,0.9994217157363892,0.9994217157363892,0.9994217157363892,0.013770190067589283,2.099999983329326e-05,0.11855589598417282,3720000.0,-0.00834687054157257,0.000329434871673584,0.07677052170038223,28.712520599365234,-5.094409942626953,80.66938781738281,7207.54833984375,11.159483909606934,35.13601303100586,46.29552459716797,432.0072021484375
431.4923095703125,26.582115173339844,648.2000122070312,186.0,-0.7253983616828918,0.006787509191781282,40.0,0.9987636208534241,0.9987636208534241,0.9987636208534241,0.011787647381424904,1.9499999325489625e-05,0.11714596301317215,3740000.0,-0.00823275651782751,0.00011411402374505997,0.018653325736522675,36.272308349609375,7.559787750244141,78.3499526977539,7253.76708984375,11.134504318237305,35.065589904785156,46.20012283325195,432.8992919921875
413.3056945800781,26.762922286987305,636.219970703125,187.0,-0.7281261086463928,0.005259786732494831,40.0,1.0003387928009033,1.0003387928009033,1.0003387928009033,0.012124081142246723,1.8000000636675395e-05,0.11682659387588501,3760000.0,-0.008126379922032356,0.00010637659579515457,-0.06872981041669846,44.43018341064453,8.157875061035156,75.85504913330078,7299.37109375,10.878077507019043,34.70830154418945,45.58640670776367,438.727294921875
418.6632080078125,26.39096450805664,632.52001953125,188.0,-0.7332319021224976,0.006855056155472994,40.0,0.9998742341995239,0.9998742341995239,0.9998742341995239,0.012014488689601421,1.650000012887176e-05,0.11623203754425049,3780000.0,-0.006836071610450745,0.0012903083115816116,-0.318498432636261,27.627553939819336,-16.802629470825195,79.61076354980469,7344.8291015625,10.867448806762695,34.57261657714844,45.440093994140625,440.13995361328125
514.50048828125,26.521310806274414,721.760009765625,189.0,-0.7416650652885437,0.005502103362232447,40.0,1.0002936124801636,1.0002936124801636,1.0002936124801636,0.010869030840694904,1.4999999621068127e-05,0.11525598913431168,3800000.0,-0.0058805556036531925,0.0009555160067975521,-0.12189732491970062,35.2443733215332,7.616819381713867,80.53174591064453,7390.22509765625,10.892562866210938,34.48522186279297,45.37781524658203,440.7440185546875
469.1474914550781,26.898487091064453,687.6599731445312,190.0,-0.7429797649383545,0.004488104954361916,40.0,0.9998963475227356,0.9998963475227356,0.9998963475227356,0.011640863493084908,1.3500000022759195e-05,0.1151043176651001,3820000.0,-0.007966350764036179,-0.002085795160382986,0.01579025387763977,48.86991882324219,13.625545501708984,73.90120697021484,7435.63232421875,10.891897201538086,34.497459411621094,45.38938903808594,440.63165283203125
403.9954833984375,27.18012237548828,631.8800048828125,191.0,-0.7358429431915283,0.004236041102558374,40.0,1.0004183053970337,1.0004183053970337,1.0004183053970337,0.010180085897445679,1.2000000424450263e-05,0.11592885106801987,3840000.0,-0.006522678770124912,0.0014436719939112663,0.10308298468589783,53.239986419677734,4.370067596435547,75.52909088134766,7480.99462890625,10.871663093566895,34.4730339050293,45.3447265625,441.06561279296875
490.0321044921875,26.806175231933594,705.6199951171875,192.0,-0.7372270822525024,0.008376955054700375,40.0,0.9981783628463745,0.9981783628463745,0.9981783628463745,0.013222883455455303,1.049999991664663e-05,0.11576864868402481,3860000.0,-0.007195519749075174,-0.0006728409789502621,0.07220809161663055,28.09256362915039,-25.147422790527344,80.47429656982422,7526.3662109375,10.85820484161377,34.4958381652832,45.35407257080078,440.9747314453125
527.7970581054688,26.593524932861328,736.7000122070312,193.0,-0.7477273941040039,0.005085892044007778,40.0,0.9996722936630249,0.9996722936630249,0.9996722936630249,0.010364293120801449,9.000000318337698e-06,0.1145593598484993,3880000.0,-0.007700998801738024,-0.0005054790526628494,0.1917007565498352,31.096328735351562,3.003765106201172,81.7978744506836,7571.76171875,10.85895824432373,34.51893615722656,45.377925872802734,440.7429504394531
455.7149963378906,26.472400665283203,666.6199951171875,194.0,-0.7507617473602295,0.004104685503989458,40.0,0.9982463121414185,0.9982463121414185,0.9982463121414185,0.010701530613005161,7.499999810534064e-06,0.11421187222003937,3900000.0,-0.007226003799587488,0.0004749950021505356,0.011996021494269371,32.261112213134766,1.1647834777832031,78.16231536865234,7617.08447265625,10.858765602111816,34.44635009765625,45.305145263671875,441.4509582519531
460.3419189453125,26.391244888305664,666.8200073242188,195.0,-0.7504152655601501,0.00311594782397151,40.0,0.9990116357803345,0.9990116357803345,0.9990116357803345,0.008482827804982662,6.000000212225132e-06,0.11425143480300903,3920000.0,-0.006174132693558931,0.0010518711060285568,-0.2827700078487396,35.96367645263672,3.702564239501953,79.06987762451172,7662.392578125,10.85841178894043,34.43197250366211,45.29041290283203,441.5945739746094
510.3150329589844,26.740947723388672,718.739990234375,196.0,-0.7525507807731628,0.003674284787848592,40.0,0.999687671661377,0.999687671661377,0.999687671661377,0.00964758824557066,4.500000159168849e-06,0.11400783061981201,3940000.0,-0.006210134364664555,-3.6001671105623245e-05,-0.22966229915618896,32.22148132324219,-3.7421951293945312,82.05996704101562,7707.80419921875,10.863720893859863,34.530086517333984,45.393836975097656,440.5884704589844
584.9630737304688,27.176551818847656,801.219970703125,197.0,-0.7563626170158386,0.0036292464938014746,40.0,1.0003503561019897,1.0003503561019897,1.0003503561019897,0.009443758055567741,3.000000106112566e-06,0.11357397586107254,3960000.0,-0.005725950933992863,0.0004841834306716919,0.1556645929813385,42.40715408325195,10.185672760009766,80.66545867919922,7754.74658203125,10.88222885131836,36.04222869873047,46.92448806762695,426.2166748046875
479.9630126953125,26.771713256835938,700.4400024414062,198.0,-0.7577085494995117,0.0035976245999336243,40.0,1.00105881690979,1.00105881690979,1.00105881690979,0.009637908078730106,1.500000053056283e-06,0.11342117935419083,3980000.0,-0.003772217547520995,0.0019537333864718676,0.15711095929145813,52.906288146972656,10.499134063720703,78.6985092163086,7801.2998046875,11.19562816619873,35.33871841430664,46.53438186645508,429.7897644042969
479.3776550292969,26.59606170654297,694.8200073242188,199.0,-0.7570843696594238,0.0016688499599695206,40.0,0.9998289942741394,0.9998289942741394,0.9998289942741394,0.007692852523177862,0.0,0.11349200457334518,4000000.0,-0.0033106764312833548,0.0004615411162376404,-0.06772483885288239,32.05037307739258,-20.855915069580078,81.94480895996094,7848.0263671875,11.238898277282715,35.46934509277344,46.70827102661133,428.189697265625
