Metrics/EpRet,Metrics/EpCost,Metrics/EpLen,Train/Epoch,Train/Entropy,Train/KL,Train/StopIter,Train/PolicyRatio,Train/PolicyRatio/Min,Train/PolicyRatio/Max,Train/PolicyRatio/Std,Train/LR,Train/PolicyStd,TotalEnvSteps,Loss/Loss_pi,Loss/Loss_pi/Delta,Value/Adv,Loss/Loss_reward_critic,Loss/Loss_reward_critic/Delta,Value/reward,Time/Total,Time/Rollout,Time/Update,Time/Epoch,Time/FPS,Metrics/EpBudget
303.9794616699219,516.0405883789062,1001.0,0.0,1.4147311449050903,0.006942243780940771,40.0,0.9994240999221802,0.9994240999221802,0.9994240999221802,0.00947217084467411,0.0002969999914057553,0.9958081841468811,20000.0,-0.001489264308474958,-0.001489264308474958,-0.08296164125204086,5.395346641540527,5.395346641540527,-0.13026729226112366,64.19923400878906,15.042716979980469,49.155887603759766,64.19864654541016,311.5330505371094,-9679.8271484375
293.2425842285156,531.0379028320312,1001.0,1.0,1.3888548612594604,0.004012403544038534,40.0,1.0005308389663696,1.0005308389663696,1.0005308389663696,0.009986978955566883,0.00029399999766610563,0.9703841805458069,40000.0,-0.0033854935318231583,-0.0018962292233482003,0.16744792461395264,4.74873161315918,-0.6466150283813477,-14.680262565612793,137.45347595214844,14.276501655578613,58.9577751159668,73.23432159423828,273.09600830078125,-9891.162109375
279.21820068359375,551.163330078125,1001.0,2.0,1.3587026596069336,0.0028726141899824142,40.0,0.9993611574172974,0.9993611574172974,0.9993611574172974,0.009505671449005604,0.000291000003926456,0.9415619373321533,60000.0,-0.0022686105221509933,0.001116883009672165,-0.09378768503665924,6.187937259674072,1.4392056465148926,-26.931156158447266,216.4654083251953,15.273311614990234,63.71320724487305,78.98656463623047,253.20762634277344,-10033.7900390625
265.93121337890625,569.5625,1001.0,3.0,1.3291611671447754,0.0034485755022615194,40.0,1.0002250671386719,1.0002250671386719,1.0002250671386719,0.009107065387070179,0.0002880000101868063,0.9141583442687988,80000.0,-0.0024055226240307093,-0.00013691210187971592,-0.12579840421676636,6.390676021575928,0.20273876190185547,-36.83415985107422,291.9011535644531,14.44166374206543,60.964576721191406,75.40628814697266,265.2298583984375,-9980.0546875
255.66334533691406,586.599853515625,1001.0,4.0,1.2973610162734985,0.003333691507577896,40.0,1.0003670454025269,1.0003670454025269,1.0003670454025269,0.009308338165283203,0.0002849999873433262,0.8855423331260681,100000.0,-0.003390497760847211,-0.0009849751368165016,-0.13053259253501892,6.261273384094238,-0.12940263748168945,-44.72687911987305,372.9315490722656,14.539090156555176,66.46773529052734,81.00688934326172,246.89259338378906,-9784.666015625
257.39080810546875,586.1738891601562,1001.0,5.0,1.2728044986724854,0.003249137429520488,40.0,0.9991032481193542,0.9991032481193542,0.9991032481193542,0.00972622912377119,0.00028199999360367656,0.8640526533126831,120000.0,-0.0035116225481033325,-0.00012112478725612164,-0.29690733551979065,6.05740213394165,-0.2038712501525879,-50.56571960449219,450.9849548339844,14.537323951721191,63.48672866821289,78.02410888671875,256.3310241699219,-8774.2255859375
267.77374267578125,578.9456176757812,1001.0,6.0,1.2446775436401367,0.00397798977792263,40.0,0.999846339225769,0.999846339225769,0.999846339225769,0.010024434886872768,0.0002789999998640269,0.8400923609733582,140000.0,-0.0032732547260820866,0.00023836782202124596,-0.09861388802528381,6.33778715133667,0.28038501739501953,-56.10883712768555,525.0424194335938,15.244962692260742,58.76665115356445,74.01165771484375,270.2276916503906,-8476.390625
272.921630859375,575.6783447265625,1001.0,7.0,1.2103055715560913,0.0046111345291137695,40.0,0.9994895458221436,0.9994895458221436,0.9994895458221436,0.010184257291257381,0.00027600000612437725,0.8117092251777649,160000.0,-0.0036955163814127445,-0.00042226165533065796,0.13699302077293396,5.937649726867676,-0.40013742446899414,-59.75041198730469,599.179443359375,13.956147193908691,60.16038131713867,74.1165771484375,269.84515380859375,-8498.330078125
266.1040344238281,590.9671020507812,1001.0,8.0,1.186336874961853,0.0033135947305709124,40.0,0.9994378685951233,0.9994378685951233,0.9994378685951233,0.010170376859605312,0.0002730000123847276,0.7924752235412598,180000.0,-0.0034768437035381794,0.00021867267787456512,0.07625578343868256,5.351409435272217,-0.586240291595459,-62.72038650512695,695.658447265625,14.065991401672363,82.39384460449219,96.46005249023438,207.33970642089844,-8807.1943359375
256.78363037109375,609.2880249023438,1001.0,9.0,1.1810466051101685,0.003152006771415472,40.0,0.9986395239830017,0.9986395239830017,0.9986395239830017,0.010171686299145222,0.0002699999895412475,0.7882899045944214,200000.0,-0.0036617580335587263,-0.0001849143300205469,0.06535175442695618,4.58197021484375,-0.7694392204284668,-65.10369110107422,793.2445678710938,22.75054359436035,74.77715301513672,97.52777099609375,205.06980895996094,-9079.453125
251.9476318359375,626.6055297851562,1001.0,10.0,1.153365969657898,0.004013576079159975,40.0,1.0004268884658813,1.0004268884658813,1.0004268884658813,0.010431158356368542,0.00026699999580159783,0.7667779922485352,220000.0,-0.004822383169084787,-0.001160625135526061,-0.1538563072681427,4.875224590301514,0.29325437545776367,-66.53242492675781,872.2716674804688,16.091840744018555,62.891632080078125,78.9835433959961,253.21730041503906,-9105.3828125
252.37351989746094,637.5899047851562,1001.0,11.0,1.116277813911438,0.005523990839719772,40.0,0.999845027923584,0.999845027923584,0.999845027923584,0.011324449442327023,0.0002640000020619482,0.7388699054718018,240000.0,-0.004764739889651537,5.764327943325043e-05,-0.058244433254003525,5.322822093963623,0.4475975036621094,-69.20576477050781,955.56787109375,14.881256103515625,68.37759399414062,83.2589111328125,240.2145233154297,-9163.2939453125
246.23297119140625,657.6821899414062,1001.0,12.0,1.0987910032272339,0.0037377853877842426,40.0,0.9989644885063171,0.9989644885063171,0.9989644885063171,0.009054305963218212,0.0002610000083222985,0.7260468602180481,260000.0,-0.0029766978695988655,0.0017880420200526714,0.13705091178417206,4.759068012237549,-0.5637540817260742,-69.28437805175781,1032.3359375,14.080771446228027,62.65446472167969,76.73529052734375,260.6362609863281,-9606.361328125
249.48667907714844,652.2988891601562,1001.0,13.0,1.079470157623291,0.004532919265329838,40.0,0.9991304278373718,0.9991304278373718,0.9991304278373718,0.011027242988348007,0.0002579999854788184,0.7121557593345642,280000.0,-0.004041621927171946,-0.00106492405757308,-0.03972191736102104,6.323886394500732,1.5648183822631836,-71.20845794677734,1106.630126953125,13.723794937133789,60.544925689697266,74.26880645751953,269.29205322265625,-8608.4189453125
263.5186462402344,627.4757080078125,1001.0,14.0,1.0555076599121094,0.00454369792714715,40.0,0.9990857839584351,0.9990857839584351,0.9990857839584351,0.010697183199226856,0.00025499999173916876,0.695297360420227,300000.0,-0.003574444679543376,0.0004671772476285696,-0.4169048070907593,6.458568572998047,0.13468217849731445,-72.40038299560547,1190.912841796875,14.442434310913086,69.77774810791016,84.2202377319336,237.47262573242188,-8810.341796875
268.6148681640625,617.3491821289062,1001.0,15.0,1.0384845733642578,0.004224267788231373,40.0,0.9991313815116882,0.9991313815116882,0.9991313815116882,0.010547101497650146,0.0002519999979995191,0.6835543513298035,320000.0,-0.0038144018035382032,-0.00023995712399482727,-0.062158770859241486,5.169615268707275,-1.2889533042907715,-73.59664154052734,1269.230712890625,14.851917266845703,63.42854690551758,78.28050994873047,255.491455078125,-9181.2529296875
265.3754577636719,623.7451782226562,1001.0,16.0,1.0270780324935913,0.003726659342646599,40.0,0.9993979334831238,0.9993979334831238,0.9993979334831238,0.010498716495931149,0.00024900000425986946,0.6758000254631042,340000.0,-0.0037859834264963865,2.841837704181671e-05,0.23804692924022675,4.983692169189453,-0.18592309951782227,-73.07283020019531,1353.5728759765625,15.302398681640625,69.00637817382812,84.30883026123047,237.2230682373047,-8616.4990234375
253.92112731933594,642.0513916015625,1001.0,17.0,1.0296711921691895,0.005036419257521629,40.0,0.9984442591667175,0.9984442591667175,0.9984442591667175,0.011525662615895271,0.0002460000105202198,0.6775549054145813,360000.0,-0.004699228331446648,-0.0009132449049502611,0.29707807302474976,5.256824016571045,0.2731318473815918,-73.91058349609375,1443.42919921875,13.948282241821289,75.88019561767578,89.8286361694336,222.64614868164062,-9226.21875
254.8855438232422,646.5073852539062,1001.0,18.0,1.0426318645477295,0.00460239639505744,40.0,0.9986622929573059,0.9986622929573059,0.9986622929573059,0.012575259432196617,0.00024300000222865492,0.6863950490951538,380000.0,-0.004733041860163212,-3.381352871656418e-05,0.1666250079870224,5.075852394104004,-0.18097162246704102,-74.87186431884766,1523.8155517578125,18.29647445678711,62.05379867553711,80.35032653808594,248.91000366210938,-8839.1953125
270.6655578613281,620.6257934570312,1001.0,19.0,1.0329777002334595,0.004079494159668684,40.0,0.9991508722305298,0.9991508722305298,0.9991508722305298,0.010618850588798523,0.00023999999393709004,0.6798000335693359,400000.0,-0.0039834994822740555,0.0007495423778891563,0.22995132207870483,4.39730978012085,-0.6785426139831543,-75.10881042480469,1605.9903564453125,14.802862167358398,67.34281158447266,82.1457290649414,243.46975708007812,-8192.8564453125
281.9342041015625,604.012939453125,1001.0,20.0,1.030415654182434,0.006084066350013018,40.0,0.9984545707702637,0.9984545707702637,0.9984545707702637,0.011727388016879559,0.00023700000019744039,0.6780593395233154,420000.0,-0.004362859297543764,-0.00037935981526970863,0.039921924471855164,4.642952919006348,0.24564313888549805,-74.09233093261719,1690.148681640625,14.68586540222168,69.42645263671875,84.11238098144531,237.77711486816406,-8210.859375
288.38616943359375,594.2800903320312,1001.0,21.0,1.0163953304290771,0.005441093817353249,40.0,0.9993385672569275,0.9993385672569275,0.9993385672569275,0.011232216842472553,0.00023400000645779073,0.6686224937438965,440000.0,-0.00455153314396739,-0.00018867384642362595,-0.2089633345603943,4.383877754211426,-0.2590751647949219,-74.4025650024414,1766.1302490234375,14.122152328491211,61.83528137207031,75.95748138427734,263.3052062988281,-7824.40869140625
295.2890319824219,581.7974243164062,1001.0,22.0,1.0105959177017212,0.003717441111803055,40.0,0.9988162517547607,0.9988162517547607,0.9988162517547607,0.010874743573367596,0.00023099999816622585,0.6647534966468811,460000.0,-0.004131696652621031,0.00041983649134635925,0.003504585474729538,4.266711235046387,-0.11716651916503906,-74.19853973388672,1842.73486328125,15.178394317626953,61.404056549072266,76.5824966430664,261.1562805175781,-7848.96044921875
303.062744140625,574.9273071289062,1001.0,23.0,1.0086896419525146,0.00484071671962738,40.0,0.9984508156776428,0.9984508156776428,0.9984508156776428,0.011724538169801235,0.0002280000044265762,0.6634886264801025,480000.0,-0.004960332997143269,-0.0008286363445222378,0.02043987065553665,4.810273170471191,0.5435619354248047,-73.04965209960938,1936.2972412109375,14.661372184753418,78.87928771972656,93.54071807861328,213.81063842773438,-7808.38232421875
295.6147155761719,591.1874389648438,1001.0,24.0,0.9985922574996948,0.005634406115859747,40.0,0.9990371465682983,0.9990371465682983,0.9990371465682983,0.011385773308575153,0.00022499999613501132,0.6568205952644348,500000.0,-0.004505672492086887,0.0004546605050563812,-0.034174978733062744,5.986910343170166,1.1766371726989746,-73.43843841552734,2012.0274658203125,15.025627136230469,60.67189407348633,75.69757843017578,264.209228515625,-8089.74169921875
304.2308654785156,572.4523315429688,1001.0,25.0,0.9935658574104309,0.007329843007028103,40.0,0.9979211091995239,0.9979211091995239,0.9979211091995239,0.012675933539867401,0.00022200000239536166,0.6535276770591736,520000.0,-0.004736307077109814,-0.00023063458502292633,0.029022272676229477,5.422729969024658,-0.5641803741455078,-74.78407287597656,2074.16796875,14.067107200622559,48.04705810546875,62.114200592041016,321.987548828125,-7743.765625
314.84857177734375,558.6171875,1001.0,26.0,0.9653795957565308,0.005349405109882355,40.0,0.9991538524627686,0.9991538524627686,0.9991538524627686,0.012401105836033821,0.00021899999410379678,0.6353695392608643,540000.0,-0.005176391918212175,-0.0004400848411023617,-0.08583174645900726,6.709485054016113,1.286755084991455,-73.44247436523438,2151.615478515625,13.964546203613281,63.46345520019531,77.42805480957031,258.3043212890625,-7438.5478515625
312.46649169921875,567.7428588867188,1001.0,27.0,0.9320690631866455,0.005764369387179613,40.0,0.9981939792633057,0.9981939792633057,0.9981939792633057,0.012438453733921051,0.00021600000036414713,0.6145622134208679,560000.0,-0.004460869822651148,0.0007155220955610275,0.044870588928461075,7.180460453033447,0.470975399017334,-72.74251556396484,2225.950439453125,15.585455894470215,58.71663284301758,74.30213928222656,269.1712646484375,-7980.1923828125
304.1273498535156,578.652099609375,1001.0,28.0,0.9016237854957581,0.006841291207820177,40.0,0.9978358149528503,0.9978358149528503,0.9978358149528503,0.012040048837661743,0.00021300000662449747,0.5961286425590515,580000.0,-0.004260660614818335,0.00020020920783281326,0.04576253890991211,9.52750301361084,2.3470425605773926,-72.62287139892578,2298.591796875,14.339020729064941,58.271602630615234,72.6106948852539,275.4415283203125,-7986.56640625
285.0990905761719,611.010986328125,1001.0,29.0,0.8814778923988342,0.005574499722570181,40.0,0.9986746311187744,0.9986746311187744,0.9986746311187744,0.011717774905264378,0.0002099999983329326,0.584235429763794,600000.0,-0.004931445699185133,-0.0006707850843667984,0.21783170104026794,5.584612846374512,-3.942890167236328,-73.36871337890625,2371.814453125,14.940353393554688,58.232582092285156,73.17298126220703,273.3249206542969,-8825.6435546875
284.7543029785156,606.3845825195312,1001.0,30.0,0.8588355779647827,0.004420751705765724,40.0,0.9983956217765808,0.9983956217765808,0.9983956217765808,0.011113426648080349,0.00020700000459328294,0.5711545944213867,620000.0,-0.0035675603430718184,0.0013638853561133146,0.051603689789772034,9.353516578674316,3.7689037322998047,-72.392578125,2452.660400390625,14.589284896850586,66.2344970703125,80.82384490966797,247.4517364501953,-7835.5205078125
289.0859069824219,605.1361083984375,1001.0,31.0,0.8420956134796143,0.005247040651738644,40.0,0.9983099102973938,0.9983099102973938,0.9983099102973938,0.011817364022135735,0.00020399999630171806,0.5616745352745056,640000.0,-0.005299066659063101,-0.0017315063159912825,-0.05062650144100189,6.931746482849121,-2.4217700958251953,-71.48138427734375,2524.290283203125,14.464414596557617,57.129905700683594,71.59436798095703,279.3515930175781,-8019.802734375
284.7801818847656,613.11669921875,1001.0,32.0,0.824719250202179,0.006355666555464268,40.0,0.998966634273529,0.998966634273529,0.998966634273529,0.012669957242906094,0.0002010000025620684,0.5519968271255493,660000.0,-0.0044753518886864185,0.0008237147703766823,0.11227139085531235,7.501743316650391,0.5699968338012695,-69.90948486328125,2597.23583984375,14.85294246673584,58.05900192260742,72.91197967529297,274.3033447265625,-8281.61328125
284.84368896484375,614.336181640625,1001.0,33.0,0.8066398501396179,0.005699721165001392,40.0,0.9982690215110779,0.9982690215110779,0.9982690215110779,0.012832308188080788,0.00019799999427050352,0.5421071648597717,680000.0,-0.0055888062343001366,-0.001113454345613718,0.09090739488601685,5.392730236053467,-2.109013080596924,-69.3420181274414,2665.478759765625,13.907586097717285,54.31640625,68.22404479980469,293.15179443359375,-7973.28125
280.85223388671875,622.1022338867188,1001.0,34.0,0.7888091802597046,0.005518082994967699,40.0,0.9975438714027405,0.9975438714027405,0.9975438714027405,0.011944463476538658,0.00019500000053085387,0.5325248837471008,700000.0,-0.00487359007820487,0.0007152161560952663,-0.07144185900688171,6.1799845695495605,0.7872543334960938,-68.54174041748047,2738.230712890625,14.33696174621582,58.380332946777344,72.71734619140625,275.03753662109375,-8192.541015625
281.0263671875,620.6732177734375,1001.0,35.0,0.7932924628257751,0.008159270510077477,40.0,0.9981359243392944,0.9981359243392944,0.9981359243392944,0.013590896502137184,0.00019200000679120421,0.534918487071991,720000.0,-0.006158396136015654,-0.0012848060578107834,-0.030038170516490936,5.950162887573242,-0.22982168197631836,-67.66104888916016,2824.13916015625,14.495705604553223,71.38687896728516,85.8828125,232.87548828125,-7964.00927734375
285.8614501953125,607.8384399414062,1001.0,36.0,0.7812511920928955,0.005453815683722496,40.0,0.9998979568481445,0.9998979568481445,0.9998979568481445,0.012444082647562027,0.00018899999849963933,0.5285205841064453,740000.0,-0.005629381164908409,0.0005290149711072445,-0.06767437607049942,7.003201961517334,1.0530390739440918,-66.7380599975586,2926.353271484375,20.061521530151367,82.08568572998047,102.14726257324219,195.79574584960938,-7534.15869140625
292.40069580078125,599.195556640625,1001.0,37.0,0.7562960982322693,0.007181711029261351,40.0,1.0000643730163574,1.0000643730163574,1.0000643730163574,0.012524387799203396,0.00018600000475998968,0.5154981017112732,760000.0,-0.004591817036271095,0.0010375641286373138,0.10880222916603088,6.586564540863037,-0.4166374206542969,-67.90813446044922,3002.38671875,14.971059799194336,61.03083801269531,76.001953125,263.151123046875,-7894.2197265625
292.6426696777344,600.6527709960938,1001.0,38.0,0.7415889501571655,0.007676644250750542,40.0,0.9976443648338318,0.9976443648338318,0.9976443648338318,0.013091059401631355,0.0001829999964684248,0.5079644322395325,780000.0,-0.005776118487119675,-0.0011843014508485794,-0.026990283280611038,6.187934398651123,-0.39863014221191406,-67.87104797363281,3078.695068359375,15.300111770629883,60.97943878173828,76.27960205078125,262.19329833984375,-8076.515625
291.2245788574219,606.0762329101562,1001.0,39.0,0.7354584336280823,0.009687459096312523,40.0,1.0002210140228271,1.0002210140228271,1.0002210140228271,0.012789169326424599,0.00018000000272877514,0.5048575401306152,800000.0,-0.004761348944157362,0.0010147695429623127,-0.09325137734413147,5.858371734619141,-0.3295626640319824,-66.37079620361328,3147.930419921875,13.586725234985352,55.62410354614258,69.21088409423828,288.9718933105469,-7789.74365234375
292.21710205078125,603.0767211914062,1001.0,40.0,0.7205199003219604,0.007729323580861092,40.0,0.9986752271652222,0.9986752271652222,0.9986752271652222,0.012413319200277328,0.00017699999443721026,0.49737420678138733,820000.0,-0.0046976348385214806,6.371410563588142e-05,-0.01313798874616623,6.252009868621826,0.39363813400268555,-66.78550720214844,3227.87060546875,14.720215797424316,65.1919937133789,79.91226959228516,250.2744598388672,-8086.39794921875
284.7528381347656,623.853759765625,1001.0,41.0,0.7130812406539917,0.005837206728756428,40.0,1.0002228021621704,1.0002228021621704,1.0002228021621704,0.012079267762601376,0.0001740000006975606,0.4936877489089966,840000.0,-0.005307442508637905,-0.0006098076701164246,-0.20748871564865112,5.751543998718262,-0.5004658699035645,-65.43658447265625,3307.73388671875,15.534809112548828,64.2946548461914,79.82950592041016,250.533935546875,-8153.51953125
277.414794921875,637.6029052734375,1001.0,42.0,0.6960079669952393,0.007109276484698057,40.0,0.9986485838890076,0.9986485838890076,0.9986485838890076,0.012338630855083466,0.00017100000695791095,0.4853314459323883,860000.0,-0.00569335138425231,-0.0003859088756144047,-0.5843105316162109,5.5076494216918945,-0.2438945770263672,-66.25527954101562,3382.6357421875,14.0681791305542,60.81407165527344,74.88229370117188,267.0858459472656,-8797.5439453125
264.31463623046875,661.7393188476562,1001.0,43.0,0.6811001896858215,0.005411988124251366,40.0,0.9983048439025879,0.9983048439025879,0.9983048439025879,0.01164059154689312,0.00016799999866634607,0.478148490190506,880000.0,-0.003526033367961645,0.0021673180162906647,-0.12320458143949509,6.006303787231445,0.4986543655395508,-65.77823638916016,3466.5888671875,14.550152778625488,69.38107299804688,83.93128204345703,238.29017639160156,-8897.296875
273.5629577636719,642.4097900390625,1001.0,44.0,0.672638475894928,0.006411886774003506,40.0,0.9972644448280334,0.9972644448280334,0.9972644448280334,0.012662138789892197,0.00016500000492669642,0.47411856055259705,900000.0,-0.006126622669398785,-0.0026005893014371395,0.15738585591316223,6.543720245361328,0.5374164581298828,-63.62744903564453,3546.809326171875,14.652486801147461,65.52653503417969,80.1791000366211,249.4415740966797,-8145.89453125
280.9354248046875,631.0088500976562,1001.0,45.0,0.643198549747467,0.006613540463149548,40.0,0.9996912479400635,0.9996912479400635,0.9996912479400635,0.012527027167379856,0.00016199999663513154,0.4603724181652069,920000.0,-0.005252503789961338,0.0008741188794374466,-0.023867491632699966,5.869787216186523,-0.6739330291748047,-63.434898376464844,3628.49560546875,15.194303512573242,66.45407104492188,81.6484146118164,244.95269775390625,-8453.8994140625
275.2278137207031,640.0448608398438,1001.0,46.0,0.6284970045089722,0.005987390875816345,40.0,0.9977970123291016,0.9977970123291016,0.9977970123291016,0.012056338600814342,0.00015900000289548188,0.4536449909210205,940000.0,-0.00474187359213829,0.0005106301978230476,-0.08749322593212128,5.937317371368408,0.06753015518188477,-64.54682922363281,3711.103271484375,14.351920127868652,68.23162841796875,82.58361053466797,242.17880249023438,-8666.0390625
271.19805908203125,641.325927734375,1001.0,47.0,0.6200292706489563,0.006062926258891821,40.0,0.9983286261558533,0.9983286261558533,0.9983286261558533,0.012104596942663193,0.000155999994603917,0.44982123374938965,960000.0,-0.0055218907073140144,-0.000780017115175724,0.09052858501672745,6.473836898803711,0.5365195274353027,-64.77307891845703,3789.912109375,15.628091812133789,63.135780334472656,78.76392364501953,253.92335510253906,-8430.3935546875
274.1475830078125,637.00146484375,1001.0,48.0,0.6019406318664551,0.005067021586000919,40.0,0.9985743165016174,0.9985743165016174,0.9985743165016174,0.011773021891713142,0.00015300000086426735,0.44175904989242554,980000.0,-0.00431462237611413,0.0012072683311998844,0.23631268739700317,6.5705647468566895,0.09672784805297852,-62.79027557373047,3886.01171875,19.492734909057617,76.5726547241211,96.06543731689453,208.19143676757812,-8200.828125
277.64044189453125,626.2135009765625,1001.0,49.0,0.5909611582756042,0.009400441311299801,40.0,0.9989820718765259,0.9989820718765259,0.9989820718765259,0.012629646807909012,0.0001500000071246177,0.436934232711792,1000000.0,-0.005716671701520681,-0.0014020493254065514,-0.511290967464447,5.911883354187012,-0.6586813926696777,-61.78389358520508,3965.910888671875,15.254981994628906,64.624267578125,79.87931823730469,250.37771606445312,-8162.74365234375
279.098876953125,618.1688842773438,1001.0,50.0,0.5841525197029114,0.005636031739413738,40.0,0.999122679233551,0.999122679233551,0.999122679233551,0.012288222089409828,0.00014699999883305281,0.4339684247970581,1020000.0,-0.005074974615126848,0.0006416970863938332,-0.01934468187391758,5.380340099334717,-0.5315432548522949,-63.00567626953125,4039.50048828125,15.051227569580078,58.49013137817383,73.54142761230469,271.95556640625,-8088.9375
278.8002624511719,620.0897827148438,1001.0,51.0,0.5704164505004883,0.006717529147863388,40.0,0.9979036450386047,0.9979036450386047,0.9979036450386047,0.012960502877831459,0.00014400000509340316,0.4280485510826111,1040000.0,-0.005755803547799587,-0.000680828932672739,-0.04583393409848213,5.653585433959961,0.27324533462524414,-62.29218292236328,4120.22607421875,15.633054733276367,65.04987335205078,80.68297576904297,247.88375854492188,-8163.04345703125
275.3643493652344,628.2003784179688,1001.0,52.0,0.5598539113998413,0.007975796237587929,40.0,0.9988576173782349,0.9988576173782349,0.9988576173782349,0.01286148838698864,0.00014099999680183828,0.42355021834373474,1060000.0,-0.00526232086122036,0.0004934826865792274,-0.14744335412979126,5.921821117401123,0.2682356834411621,-61.6518440246582,4195.65283203125,15.510431289672852,59.88376235961914,75.3942642211914,265.27215576171875,-8289.6787109375
278.6601257324219,629.3438720703125,1001.0,53.0,0.5361621379852295,0.006078035570681095,40.0,0.9989284873008728,0.9989284873008728,0.9989284873008728,0.011665388941764832,0.00013800000306218863,0.4136400520801544,1080000.0,-0.004357018508017063,0.0009053023532032967,0.190057173371315,6.6737446784973145,0.7519235610961914,-62.69770050048828,4268.96044921875,15.127395629882812,58.14759826660156,73.27503967285156,272.9442443847656,-8380.1083984375
268.267333984375,643.8069458007812,1001.0,54.0,0.5193256139755249,0.005760205909609795,40.0,0.9985265135765076,0.9985265135765076,0.9985265135765076,0.011972370557487011,0.00013499999477062374,0.40672993659973145,1100000.0,-0.004257598426192999,9.942008182406425e-05,-0.01751495897769928,6.750337600708008,0.07659292221069336,-61.67197036743164,4347.3330078125,15.139525413513184,63.2072868347168,78.34685516357422,255.27508544921875,-9399.2958984375
254.1553497314453,665.77880859375,1001.0,55.0,0.5073364973068237,0.005527745001018047,40.0,0.9996168613433838,0.9996168613433838,0.9996168613433838,0.011794507503509521,0.0001320000010309741,0.4018811285495758,1120000.0,-0.004899916704744101,-0.0006423182785511017,-0.0035652974620461464,5.4633026123046875,-1.2870349884033203,-61.60408020019531,4420.5693359375,14.279932975769043,58.93724822998047,73.21722412109375,273.1597595214844,-9433.990234375
245.99356079101562,677.694091796875,1001.0,56.0,0.4921515882015228,0.004969392437487841,40.0,0.999861478805542,0.999861478805542,0.999861478805542,0.01148021500557661,0.0001289999927394092,0.3958253264427185,1140000.0,-0.004456710536032915,0.00044320616871118546,-0.36329182982444763,5.532871723175049,0.06956911087036133,-61.800262451171875,4490.04736328125,14.13254165649414,55.31880187988281,69.4513931274414,287.97119140625,-9465.736328125
251.87078857421875,671.83642578125,1001.0,57.0,0.47061556577682495,0.007243220694363117,40.0,1.0006484985351562,1.0006484985351562,1.0006484985351562,0.012955758720636368,0.00012599999899975955,0.3873938322067261,1160000.0,-0.005517997778952122,-0.0010612872429192066,-0.16303767263889313,5.779786109924316,0.24691438674926758,-61.166725158691406,4557.11669921875,14.364641189575195,52.682342529296875,67.04703521728516,298.2980651855469,-9129.6064453125
257.1160583496094,662.5579833984375,1001.0,58.0,0.45603981614112854,0.007176533341407776,40.0,0.9997712969779968,0.9997712969779968,0.9997712969779968,0.013277926482260227,0.0001230000052601099,0.38178858160972595,1180000.0,-0.006379510276019573,-0.0008615124970674515,-0.1542043387889862,4.856752395629883,-0.9230337142944336,-61.429893493652344,4634.17822265625,14.249212265014648,62.78651809692383,77.03579711914062,259.61956787109375,-9231.85546875
252.2383270263672,672.6531372070312,1001.0,59.0,0.4399470090866089,0.006601389497518539,40.0,1.0004206895828247,1.0004206895828247,1.0004206895828247,0.012631128542125225,0.00011999999696854502,0.3756934106349945,1200000.0,-0.006237628869712353,0.00014188140630722046,0.09461764246225357,5.016273021697998,0.15952062606811523,-61.756195068359375,4712.13525390625,14.221658706665039,63.6847038269043,77.90641021728516,256.7182922363281,-9353.255859375
248.07456970214844,677.2376708984375,1001.0,60.0,0.42289918661117554,0.005925529170781374,40.0,1.0000427961349487,1.0000427961349487,1.0000427961349487,0.012049518525600433,0.00011700000322889537,0.36934366822242737,1220000.0,-0.005872421897947788,0.0003652069717645645,-0.16123172640800476,4.9050726890563965,-0.11120033264160156,-61.34407043457031,4776.82568359375,14.502132415771484,50.165252685546875,64.66744232177734,309.274658203125,-9277.21875
252.75619506835938,666.805908203125,1001.0,61.0,0.3644565939903259,0.01034328993409872,40.0,0.9999690055847168,0.9999690055847168,0.9999690055847168,0.013749910518527031,0.0001140000022132881,0.34841784834861755,1240000.0,-0.006557418964803219,-0.0006849970668554306,-0.1688723862171173,5.135990619659424,0.23091793060302734,-59.77353286743164,4851.92822265625,14.492135047912598,60.584014892578125,75.07620239257812,266.39599609375,-8398.9765625
264.415283203125,644.6927490234375,1001.0,62.0,0.34318000078201294,0.004903547000139952,40.0,1.0010247230529785,1.0010247230529785,1.0010247230529785,0.01166867557913065,0.00011100000119768083,0.34103989601135254,1260000.0,-0.00491483835503459,0.001642580609768629,-0.16063572466373444,4.9576921463012695,-0.1782984733581543,-59.50920104980469,4947.91259765625,14.31594467163086,81.63833618164062,95.954345703125,208.43246459960938,-8513.421875
255.53472900390625,662.8189086914062,1001.0,63.0,0.3242074251174927,0.006655591540038586,40.0,0.9987632036209106,0.9987632036209106,0.9987632036209106,0.012521324679255486,0.00010800000018207356,0.334637314081192,1280000.0,-0.005461452528834343,-0.0005466141737997532,0.17772608995437622,5.091265678405762,0.1335735321044922,-62.515987396240234,5032.177734375,14.504520416259766,69.72661590576172,84.231201171875,237.44171142578125,-9247.2734375
255.7710418701172,660.332275390625,1001.0,64.0,0.3037331998348236,0.007662571035325527,40.0,0.9997575879096985,0.9997575879096985,0.9997575879096985,0.012243667617440224,0.0001049999991664663,0.3278510570526123,1300000.0,-0.005983485374599695,-0.0005220328457653522,0.0016418490558862686,5.005156993865967,-0.08610868453979492,-60.54709243774414,5106.986328125,14.984088897705078,59.77375793457031,74.75789642333984,267.5302734375,-8765.7900390625
243.49342346191406,680.4330444335938,1001.0,65.0,0.2783105969429016,0.007246148772537708,40.0,1.0007503032684326,1.0007503032684326,1.0007503032684326,0.012551258318126202,0.00010199999815085903,0.31962597370147705,1320000.0,-0.004695518407970667,0.0012879669666290283,0.02492643892765045,4.707766056060791,-0.2973909378051758,-59.791961669921875,5185.37646484375,15.883030891418457,62.48689651489258,78.3699722290039,255.19979858398438,-9608.6513671875
233.6314239501953,698.151611328125,1001.0,66.0,0.26401448249816895,0.0047060297802090645,40.0,1.000257134437561,1.000257134437561,1.000257134437561,0.011315823532640934,9.899999713525176e-05,0.315082848072052,1340000.0,-0.005008426494896412,-0.000312908086925745,0.11163009703159332,4.5902791023254395,-0.11748695373535156,-60.30501174926758,5290.5595703125,14.73910140991211,90.41610717773438,105.15526580810547,190.1949462890625,-9486.306640625
231.72705078125,702.9202880859375,1001.0,67.0,0.24640873074531555,0.005959827918559313,40.0,1.0006564855575562,1.0006564855575562,1.0006564855575562,0.012101424857974052,9.600000339560211e-05,0.3095872104167938,1360000.0,-0.006274771876633167,-0.0012663453817367554,0.369739294052124,4.51181697845459,-0.07846212387084961,-62.472999572753906,5359.27880859375,14.756315231323242,53.92543029785156,68.68180847167969,291.19793701171875,-9685.55078125
231.52020263671875,702.798583984375,1001.0,68.0,0.23203682899475098,0.005654677748680115,40.0,0.9999076724052429,0.9999076724052429,0.9999076724052429,0.013038105331361294,9.300000237999484e-05,0.30516669154167175,1380000.0,-0.00722300261259079,-0.0009482307359576225,-0.12550753355026245,4.187801837921143,-0.32401514053344727,-61.5255241394043,5423.5712890625,14.603821754455566,49.639949798583984,64.24381256103516,311.31402587890625,-9769.9345703125
232.59759521484375,703.0823364257812,1001.0,69.0,0.2197534739971161,0.0058881244622170925,40.0,1.0000683069229126,1.0000683069229126,1.0000683069229126,0.011869274079799652,9.000000136438757e-05,0.3014441132545471,1400000.0,-0.005645801778882742,0.0015772008337080479,0.04514505714178085,3.876021385192871,-0.3117804527282715,-60.732181549072266,5483.07080078125,13.85962200164795,45.61533737182617,59.475006103515625,336.27569580078125,-9741.4638671875
223.96519470214844,720.4916381835938,1001.0,70.0,0.20679928362369537,0.005721537861973047,40.0,0.9998018145561218,0.9998018145561218,0.9998018145561218,0.011151405982673168,8.70000003487803e-05,0.2975614070892334,1420000.0,-0.005904963240027428,-0.00025916146114468575,-0.08168474584817886,4.248875617980957,0.37285423278808594,-61.28587341308594,5557.818359375,14.708541870117188,60.01438522338867,74.72296142578125,267.65533447265625,-9783.5234375
237.48158264160156,697.3367919921875,1001.0,71.0,0.18234461545944214,0.007116139400750399,40.0,0.9999818205833435,0.9999818205833435,0.9999818205833435,0.012606176547706127,8.399999933317304e-05,0.29037973284721375,1440000.0,-0.005495442543178797,0.0004095206968486309,0.19487304985523224,5.051830291748047,0.8029546737670898,-60.8080940246582,5627.33984375,13.456771850585938,56.041481018066406,69.498291015625,287.77685546875,-8934.6025390625
244.56024169921875,686.173583984375,1001.0,72.0,0.15640036761760712,0.006120570469647646,40.0,1.0006650686264038,1.0006650686264038,1.0006650686264038,0.011761677451431751,8.099999831756577e-05,0.28294265270233154,1460000.0,-0.006343862973153591,-0.0008484204299747944,-0.27388349175453186,4.464958667755127,-0.5868716239929199,-60.665836334228516,5703.54833984375,14.776798248291016,61.40210723876953,76.178955078125,262.5397033691406,-9467.548828125
237.49496459960938,695.9957885742188,1001.0,73.0,0.1666368842124939,0.005498633719980717,40.0,1.0001065731048584,1.0001065731048584,1.0001065731048584,0.012402469292283058,7.79999973019585e-05,0.2858501076698303,1480000.0,-0.005394686479121447,0.0009491764940321445,0.08587178587913513,4.694636821746826,0.22967815399169922,-61.717926025390625,5783.2587890625,13.94633674621582,65.74144744873047,79.6878433227539,250.9793243408203,-9639.4541015625
227.9703369140625,708.9124755859375,1001.0,74.0,0.1631869673728943,0.007063344586640596,40.0,0.999189019203186,0.999189019203186,0.999189019203186,0.012307174503803253,7.500000356230885e-05,0.2848623991012573,1500000.0,-0.00531659834086895,7.808813825249672e-05,-0.03657139465212822,4.858824729919434,0.16418790817260742,-61.90794372558594,5871.60400390625,14.603981018066406,73.7123794555664,88.31640625,226.45849609375,-9624.5234375
236.17991638183594,695.1439208984375,1001.0,75.0,0.14359138906002045,0.006664672866463661,40.0,0.9983629584312439,0.9983629584312439,0.9983629584312439,0.012604698538780212,7.200000254670158e-05,0.2793408930301666,1520000.0,-0.005925253964960575,-0.0006086556240916252,-0.4771914482116699,4.701657772064209,-0.1571669578552246,-61.853187561035156,5971.11767578125,15.012035369873047,84.47438049316406,99.48665618896484,201.03199768066406,-9179.462890625
238.9550323486328,691.340087890625,1001.0,76.0,0.11713215708732605,0.007027225568890572,40.0,1.0000829696655273,1.0000829696655273,1.0000829696655273,0.012089643627405167,6.900000153109431e-05,0.2720451056957245,1540000.0,-0.006473890505731106,-0.0005486365407705307,0.08629272878170013,4.398974895477295,-0.30268287658691406,-61.79387664794922,6061.5146484375,21.295108795166016,69.04007720947266,90.3353042602539,221.3973846435547,-9416.4921875
236.4735565185547,696.35009765625,1001.0,77.0,0.0909489169716835,0.006105640437453985,40.0,1.0006370544433594,1.0006370544433594,1.0006370544433594,0.012144442647695541,6.600000051548705e-05,0.26501840353012085,1560000.0,-0.005364167504012585,0.0011097230017185211,0.04009665176272392,3.746198892593384,-0.6527760028839111,-61.37155532836914,6129.56396484375,16.773195266723633,51.220619201660156,67.99385833740234,294.1441955566406,-9306.9111328125
236.46539306640625,696.890625,1001.0,78.0,0.06422585248947144,0.006034317892044783,40.0,1.0001469850540161,1.0001469850540161,1.0001469850540161,0.011608269065618515,6.299999949987978e-05,0.25802692770957947,1580000.0,-0.005104563198983669,0.0002596043050289154,-0.027606427669525146,4.268856525421143,0.5226576328277588,-61.541500091552734,6198.052734375,14.541491508483887,53.92241287231445,68.46395111083984,292.12451171875,-9620.5322265625
236.38583374023438,701.4404907226562,1001.0,79.0,0.03609912469983101,0.009074746631085873,40.0,1.000537395477295,1.000537395477295,1.000537395477295,0.014093782752752304,5.999999848427251e-05,0.25087279081344604,1600000.0,-0.0060077751986682415,-0.0009032119996845722,-0.1397133767604828,5.059015274047852,0.790158748626709,-60.597293853759766,6271.408203125,14.907167434692383,58.425819396972656,73.33304595947266,272.7283630371094,-9220.8251953125
234.2472686767578,706.5381469726562,1001.0,80.0,0.01175910048186779,0.006536942441016436,40.0,0.9988422989845276,0.9988422989845276,0.9988422989845276,0.01170806773006916,5.700000110664405e-05,0.24483633041381836,1620000.0,-0.005811748560518026,0.00019602663815021515,-0.0415995754301548,4.417136192321777,-0.6418790817260742,-61.558380126953125,6345.53515625,14.16884994506836,59.93421173095703,74.10311126708984,269.89422607421875,-9781.3876953125
239.01931762695312,695.8760375976562,1001.0,81.0,-0.011038858443498611,0.005855610594153404,40.0,0.9995997548103333,0.9995997548103333,0.9995997548103333,0.011137904599308968,5.400000009103678e-05,0.23932074010372162,1640000.0,-0.006261878646910191,-0.00045013008639216423,-0.20802754163742065,4.481614589691162,0.06447839736938477,-60.592987060546875,6421.86474609375,14.454564094543457,61.842803955078125,76.29745483398438,262.1319580078125,-8947.6279296875
239.16427612304688,689.9285278320312,1001.0,82.0,-0.03798103705048561,0.007204439491033554,40.0,1.0003392696380615,1.0003392696380615,1.0003392696380615,0.011821557767689228,5.0999999075429514e-05,0.23295842111110687,1660000.0,-0.005298367235809565,0.000963511411100626,-0.08020640164613724,4.181746006011963,-0.2998685836791992,-61.274024963378906,6498.68212890625,15.138797760009766,61.62715148925781,76.76599884033203,260.5320129394531,-9360.1513671875
240.37184143066406,690.1234130859375,1001.0,83.0,-0.06810175627470016,0.005746395327150822,40.0,1.0004328489303589,1.0004328489303589,1.0004328489303589,0.010674365796148777,4.8000001697801054e-05,0.22605104744434357,1680000.0,-0.005827174987643957,-0.0005288077518343925,0.17049330472946167,3.8028361797332764,-0.3789098262786865,-61.62089538574219,6576.2099609375,15.141304969787598,62.34783935546875,77.48919677734375,258.1004943847656,-9233.1611328125
235.51339721679688,700.054443359375,1001.0,84.0,-0.08703577518463135,0.006573264952749014,40.0,0.9988546371459961,0.9988546371459961,0.9988546371459961,0.011725323274731636,4.5000000682193786e-05,0.2218027561903,1700000.0,-0.005521124228835106,0.00030605075880885124,0.024458514526486397,4.434593200683594,0.6317570209503174,-61.45316696166992,6650.21044921875,13.951812744140625,60.01970291137695,73.97156524658203,270.3741760253906,-9663.5126953125
235.3531036376953,697.1473388671875,1001.0,85.0,-0.09958934038877487,0.005179061554372311,40.0,0.9998981356620789,0.9998981356620789,0.9998981356620789,0.01137753576040268,4.199999966658652e-05,0.2190351039171219,1720000.0,-0.005060236435383558,0.0004608877934515476,-0.2702447772026062,4.287559986114502,-0.1470332145690918,-60.63169479370117,6748.70947265625,14.654813766479492,83.8192138671875,98.47428131103516,203.0987548828125,-9257.6650390625
245.84715270996094,682.172607421875,1001.0,86.0,-0.1140950471162796,0.005735432263463736,40.0,0.9991773962974548,0.9991773962974548,0.9991773962974548,0.011208588257431984,3.899999865097925e-05,0.21588134765625,1740000.0,-0.0064028482884168625,-0.0013426118530333042,0.0637531727552414,3.8862907886505127,-0.40126919746398926,-60.99411392211914,6853.73828125,20.083942413330078,84.8909683227539,104.97498321533203,190.52157592773438,-8791.58203125
243.1982421875,685.0692138671875,1001.0,87.0,-0.12296382337808609,0.003875020192936063,40.0,1.0008471012115479,1.0008471012115479,1.0008471012115479,0.010774869471788406,3.600000127335079e-05,0.21397466957569122,1760000.0,-0.005056312773376703,0.0013465355150401592,-0.06973274052143097,4.894157886505127,1.0078670978546143,-60.796119689941406,6942.67041015625,15.617374420166016,73.2837142944336,88.90115356445312,224.96896362304688,-9412.0029296875
242.35935974121094,688.988525390625,1001.0,88.0,-0.12722422182559967,0.004403514321893454,40.0,0.999713122844696,0.999713122844696,0.999713122844696,0.00983627699315548,3.300000025774352e-05,0.2130640149116516,1780000.0,-0.0057784332893788815,-0.0007221205160021782,-0.058330148458480835,4.053033351898193,-0.8411245346069336,-61.266624450683594,7023.08203125,15.193235397338867,65.17091369628906,80.36419677734375,248.86703491210938,-9433.01171875
226.82586669921875,710.0588989257812,1001.0,89.0,-0.1295827329158783,0.006102559622377157,40.0,1.000022053718567,1.000022053718567,1.000022053718567,0.011934847570955753,2.9999999242136255e-05,0.21256212890148163,1800000.0,-0.007611350156366825,-0.0018329168669879436,-0.010134320706129074,3.9523980617523193,-0.10063529014587402,-61.11503601074219,7100.873046875,14.804232597351074,62.95505142211914,77.75935363769531,257.20379638671875,-9855.4140625
224.22573852539062,714.167236328125,1001.0,90.0,-0.14698714017868042,0.005357583053410053,40.0,0.9999290108680725,0.9999290108680725,0.9999290108680725,0.010580861009657383,2.700000004551839e-05,0.2089013010263443,1820000.0,-0.005680773872882128,0.0019305762834846973,0.1618923544883728,4.354897499084473,0.4024994373321533,-61.69010543823242,7184.84423828125,15.246200561523438,68.67986297607422,83.92613220214844,238.30479431152344,-9850.291015625
226.5352325439453,711.44970703125,1001.0,91.0,-0.1739160269498825,0.005394862964749336,40.0,1.0002943277359009,1.0002943277359009,1.0002943277359009,0.011260763742029667,2.4000000848900527e-05,0.20334991812705994,1840000.0,-0.006589004769921303,-0.000908230897039175,-0.037158869206905365,3.848759412765503,-0.5061380863189697,-61.85530090332031,7268.93896484375,14.066764831542969,69.97958374023438,84.04640197753906,237.9637908935547,-9312.4033203125
237.60316467285156,696.1507568359375,1001.0,92.0,-0.19391556084156036,0.004806132987141609,40.0,1.000185251235962,1.000185251235962,1.000185251235962,0.0102100670337677,2.099999983329326e-05,0.1993207335472107,1860000.0,-0.006042954511940479,0.0005460502579808235,-0.07110225409269333,4.079066753387451,0.23030734062194824,-61.15026092529297,7346.89599609375,15.433971405029297,62.497013092041016,77.93122100830078,256.6365661621094,-8909.955078125
236.20556640625,695.8585815429688,1001.0,93.0,-0.20433934032917023,0.005065947771072388,40.0,1.000199556350708,1.000199556350708,1.000199556350708,0.01106143370270729,1.8000000636675395e-05,0.19725127518177032,1880000.0,-0.00529877096414566,0.0007441835477948189,0.011846452951431274,4.669392108917236,0.5903253555297852,-61.943782806396484,7447.029296875,21.06894302368164,79.01737976074219,100.08638000488281,199.827392578125,-9972.0029296875
226.0531005859375,708.7508544921875,1001.0,94.0,-0.20583698153495789,0.003604493336752057,40.0,0.9998989701271057,0.9998989701271057,0.9998989701271057,0.008856331929564476,1.4999999621068127e-05,0.19695590436458588,1900000.0,-0.005060962401330471,0.00023780856281518936,0.025525406002998352,4.296878814697266,-0.3725132942199707,-62.57037353515625,7530.4375,15.096174240112305,68.28665161132812,83.38288879394531,239.85736083984375,-9837.962890625
222.81101989746094,714.15087890625,1001.0,95.0,-0.2075158655643463,0.0033278667833656073,40.0,1.0008544921875,1.0008544921875,1.0008544921875,0.009101261384785175,1.2000000424450263e-05,0.19662557542324066,1920000.0,-0.005942848511040211,-0.0008818861097097397,0.0132514089345932,4.673786640167236,0.3769078254699707,-62.00477600097656,7603.1279296875,14.74790096282959,57.89871597290039,72.64665985107422,275.3051452636719,-10038.40234375
224.17276000976562,711.2491455078125,1001.0,96.0,-0.21006138622760773,0.0037153777666389942,40.0,1.0002795457839966,1.0002795457839966,1.0002795457839966,0.00999318528920412,9.000000318337698e-06,0.19612567126750946,1940000.0,-0.004799452144652605,0.0011433963663876057,-0.046256519854068756,4.605555057525635,-0.06823158264160156,-60.59858703613281,7682.669921875,14.91299819946289,64.6080093383789,79.52105712890625,251.50570678710938,-9541.509765625
226.87403869628906,705.607177734375,1001.0,97.0,-0.21427111327648163,0.002958594588562846,40.0,0.9998986721038818,0.9998986721038818,0.9998986721038818,0.008457040414214134,6.000000212225132e-06,0.19530193507671356,1960000.0,-0.004173651337623596,0.0006258008070290089,-0.1731819212436676,4.152839660644531,-0.4527153968811035,-62.39339828491211,7759.53369140625,15.58896541595459,61.24615478515625,76.83517456054688,260.2974548339844,-9785.0341796875
229.4781494140625,705.154541015625,1001.0,98.0,-0.2197784185409546,0.0022433779668062925,40.0,1.000049352645874,1.000049352645874,1.000049352645874,0.007274180185049772,3.000000106112566e-06,0.19422927498817444,1980000.0,-0.00410877401009202,6.487732753157616e-05,0.028469499200582504,5.247565269470215,1.0947256088256836,-61.203250885009766,7839.87158203125,14.8525390625,65.45527648925781,80.3078842163086,249.0415496826172,-9551.9501953125
229.7980499267578,701.4263305664062,1001.0,99.0,-0.2232750654220581,0.0013493977021425962,40.0,0.9999370574951172,0.9999370574951172,0.9999370574951172,0.005476308986544609,0.0,0.1935511827468872,2000000.0,-0.00307181547395885,0.0010369585361331701,-0.006198871415108442,4.5779643058776855,-0.6696009635925293,-61.504669189453125,7915.78369140625,15.540657997131348,60.33192443847656,75.87262725830078,263.59967041015625,-9756.3623046875
